Genus,Gemini,GeminiCL,GeminiAura
[Clostridium] innocuum group,Anaerobic,-,-
[Eubacterium] brachy group,Anaerobic,Correct,Correct
[Eubacterium] coprostanoligenes group,Anaerobic,-,-
[Eubacterium] fissicatena group,Anaerobic,-,-
[Eubacterium] nodatum group,Anaerobic,-,Correct
[Eubacterium] xylanophilum group,Anaerobic,-,Correct
[Ruminococcus] torques group,Anaerobic,-,Correct
1174-901-12,Unknown,-,-
1921-2,Unknown,-,-
1959-1,Unknown,-,-
3PJM14,Unknown,-,-
A2,Anaerobic,-,-
Acetobacter,Aerotolerant,-,-
Acholeplasma,Aerotolerant,-,-
Achromobacter,Aerotolerant,-,Correct
Acidaminococcus,Anaerobic,-,-
Acidibacter,Aerotolerant,-,Correct
Acidicaldus,Aerotolerant,-,-
Acidiphilium,Aerotolerant,-,Correct
Acidipropionibacterium,Anaerobic,-,-
Acidothermus,Aerotolerant,-,-
Acinetobacter,Aerotolerant,-,Correct
Actibacterium,Aerotolerant,-,-
Actinoallomurus,Aerotolerant,-,-
Actinoalloteichus,Aerotolerant,-,-
Actinobacillus,Aerotolerant,-,-
actinobacterium BGR 88,Unknown,-,-
Actinocatenispora,Aerotolerant,-,-
Actinocorallia,Aerotolerant,-,-
Actinokineospora,Aerotolerant,-,-
Actinomadura,Aerotolerant,-,-
Actinomyces,Anaerobic,-,-
Actinomycetospora,Aerotolerant,-,-
Actinophytocola,Aerotolerant,-,-
Actinoplanes,Aerotolerant,Correct,Correct
Actinopolymorpha,Aerotolerant,-,-
Actinopolyspora,Aerotolerant,-,-
Actinospica,Aerotolerant,-,-
Actinotalea,Aerotolerant,-,-
Acuticoccus,Aerotolerant,-,-
Adhaeribacter,Aerotolerant,-,Correct
ADurb.Bin063-1,Unknown,-,-
Aequorivita,Aerotolerant,-,-
Aeromicrobium,Aerotolerant,-,-
Aeromonas,Aerotolerant,-,Correct
Aerosphaera,Aerotolerant,-,-
Aestuariimicrobium,Aerotolerant,-,-
Afifella,Aerotolerant,-,-
Afipia,Aerotolerant,-,-
Agaricicola,Aerotolerant,-,-
Agrococcus,Aerotolerant,Correct,-
Agromyces,Aerotolerant,-,Correct
Akkermansia,Anaerobic,Correct,-
AKYG587,Unknown,-,-
Alcaligenes,Aerotolerant,-,-
Algisphaera,Aerotolerant,-,-
Algoriphagus,Aerotolerant,-,-
Alicycliphilus,Aerotolerant,-,-
Aliifodinibius,Anaerobic,-,-
Aliihoeflea,Aerotolerant,-,-
Alishewanella,Aerotolerant,-,-
Alistipes,Anaerobic,Correct,Correct
Alkaliphilus,Aerotolerant,-,-
Alkanindiges,Aerotolerant,-,-
Allochromatium,Anaerobic,-,-
Alloprevotella,Anaerobic,-,Correct
Allorhizobium-Neorhizobium-Pararhizobium-Rhizobium,Aerotolerant,-,Correct
alphaI cluster,Unknown,-,-
Altererythrobacter,Aerotolerant,-,Correct
Alterococcus,Aerotolerant,-,-
Alteromonas,Aerotolerant,-,-
Amaricoccus,Aerotolerant,-,Correct
Ambiguous_taxa,Unknown,-,-
Aminobacter,Aerotolerant,-,Correct
Ammoniphilus,Aerotolerant,-,-
Amnibacterium,Aerotolerant,Correct,-
Amphibacillus,Aerotolerant,Correct,-
Amphiplicatus,Aerotolerant,-,-
Amycolatopsis,Aerotolerant,-,-
Anaerobacillus,Anaerobic,-,-
Anaerobiospirillum,Anaerobic,-,-
Anaerobium,Anaerobic,-,-
Anaerococcus,Anaerobic,-,-
Anaerocolumna,Anaerobic,-,-
Anaerofilum,Anaerobic,-,-
Anaerofustis,Anaerobic,Correct,-
Anaeromyxobacter,Aerotolerant,-,-
Anaeroplasma,Anaerobic,-,Correct
Anaerosinus,Anaerobic,-,-
Anaerosolibacter,Anaerobic,-,-
Anaerosporobacter,Anaerobic,-,Correct
Anaerostipes,Anaerobic,-,Correct
Anaerotruncus,Anaerobic,-,-
Anaerovibrio,Anaerobic,-,-
Anaerovorax,Anaerobic,Correct,-
Ancylobacter,Aerotolerant,-,-
Angustibacter,Anaerobic,-,-
Anoxybacillus,Aerotolerant,-,-
Anthococcus,Aerotolerant,-,-
Antricoccus,Aerotolerant,-,-
Apibacter,Aerotolerant,-,-
Aquabacterium,Aerotolerant,-,-
Aquamicrobium,Aerotolerant,-,-
Aquicella,Aerotolerant,-,-
Aquipuribacter,Aerotolerant,-,-
Aquisphaera,Aerotolerant,-,-
Aquitalea,Aerotolerant,-,-
Arcobacter,Aerotolerant,-,-
Arcticibacter,Aerotolerant,-,-
Arenimonas,Aerotolerant,-,Correct
Arhodomonas,Aerotolerant,-,-
Aridibacter,Aerotolerant,-,-
Armatimonas,Aerotolerant,-,-
Arsenicicoccus,Aerotolerant,-,-
Arsenophonus,Aerotolerant,-,-
Arthrobacter,Aerotolerant,-,Correct
Asaia,Aerotolerant,-,-
Asanoa,Aerotolerant,Correct,-
Asticcacaulis,Aerotolerant,-,-
AT-s3-44,Unknown,-,-
Atopobium,Anaerobic,-,-
Atopostipes,Aerotolerant,-,-
Aureimonas,Aerotolerant,-,-
Azoarcus,Anaerobic,-,-
Azospira,Anaerobic,-,-
Azospirillum,Aerotolerant,-,-
Bacillus,Aerotolerant,Correct,-
bacterium Ellin6529,Unknown,-,-
bacterium Ellin6537,Unknown,-,-
bacterium Ellin6543,Unknown,-,-
bacterium enrichment culture clone Anammox_49,Anaerobic,-,-
bacterium enrichment culture clone auto112_4W,Unknown,-,-
bacterium LWQ8,Unassigned,-,-
bacterium WWH38,Unassigned,-,-
bacterium WX65,Unknown,-,-
bacterium YC-ZSS-LKJ159,Unknown,-,-
bacterium YC-ZSS-LKJ66,Unknown,-,-
Bacteroides,Anaerobic,Correct,Correct
Baia,Aerotolerant,-,-
Bartonella,Aerotolerant,-,-
Bauldia,Aerotolerant,-,Correct
BD1-7 clade,Unknown,-,-
Bdellovibrio,Aerotolerant,-,-
Belnapia,Aerotolerant,-,-
Bhargavaea,Aerotolerant,-,-
Bifidobacterium,Anaerobic,-,Correct
Bilophila,Anaerobic,-,Correct
BIyi10,Unknown,-,-
Blastocatella,Aerotolerant,-,Correct
Blastochloris,Anaerobic,-,-
Blastococcus,Aerotolerant,-,-
Blastomonas,Aerotolerant,-,-
Blastopirellula,Aerotolerant,-,Correct
Blattabacterium,Unknown,-,-
Blattella germanica (German cockroach),Unknown,-,-
Blautia,Anaerobic,-,Correct
Bogoriella,Aerotolerant,-,-
Bordetella,Aerotolerant,-,-
Bosea,Aerotolerant,-,-
Brachybacterium,Aerotolerant,Correct,-
Brachyspira,Anaerobic,-,-
Bradyrhizobium,Aerotolerant,-,Correct
Brevibacillus,Aerotolerant,-,-
Brevibacterium,Aerotolerant,Correct,-
Brevundimonas,Aerotolerant,-,Correct
Breznakia,Anaerobic,-,-
Brooklawnia,Aerotolerant,-,-
Bryobacter,Aerotolerant,-,Correct
Burkholderia-Caballeronia-Paraburkholderia,Aerotolerant,-,-
Butyricicoccus,Anaerobic,-,Correct
Butyricimonas,Anaerobic,-,-
Bythopirellula,Aerotolerant,-,-
C1-B045,Unknown,-,-
C39,Unknown,-,-
Caenimonas,Aerotolerant,-,Correct
Camelimonas,Aerotolerant,-,-
Campylobacter,Aerotolerant,-,-
candidate division SR1 bacterium MGEHA,Unassigned,-,-
candidate division TM7 bacterium JGI 0001002-L20,Unassigned,-,-
candidate division TM7 bacterium LY2,Unassigned,-,-
Candidatus Actinomarina,Unknown,-,-
Candidatus Alysiosphaera,Unknown,-,-
Candidatus Anammoximicrobium,Anaerobic,-,-
Candidatus Arthromitus,Unknown,-,-
Candidatus Bacilloplasma,Unknown,-,-
Candidatus Bealeia,Unknown,-,-
Candidatus Berkiella,Unknown,-,-
Candidatus Blochmannia,Unknown,-,-
Candidatus Cardinium,Unknown,-,-
Candidatus Chloroploca,Anaerobic,-,-
Candidatus Competibacter,Unknown,-,-
Candidatus Dichloromethanomonas,Anaerobic,-,-
Candidatus Entotheonella,Unknown,-,-
Candidatus Finniella,Unknown,-,-
Candidatus Jidaibacter,Unknown,-,-
Candidatus Kinetoplastibacterium,Unknown,-,-
Candidatus Koribacter,Aerotolerant,-,-
Candidatus Megaira,Unknown,-,-
Candidatus Moranella,Unknown,-,-
Candidatus Nostocoida,Anaerobic,-,-
Candidatus Omnitrophus,Unknown,-,-
Candidatus Ovatusbacter,Unknown,-,-
Candidatus Paracaedibacter,Unknown,-,-
Candidatus Portiera,Unknown,-,-
Candidatus Rokubacteria bacterium CSP1-6,Unknown,-,-
Candidatus Rosenkranzia,Unknown,-,-
Candidatus Saccharibacteria bacterium RAAC3_TM7_1,Unknown,-,-
Candidatus Saccharibacteria bacterium UB2523,Unknown,-,-
Candidatus Saccharimonas,Unknown,-,-
Candidatus Soleaferrea,Anaerobic,-,-
Candidatus Solibacter,Aerotolerant,-,-
Candidatus Sulcia,Unknown,-,-
Candidatus Tenderia,Unknown,-,-
Candidatus Tremblaya,Unknown,-,-
Candidatus Udaeobacter,Unknown,-,-
Candidatus Uzinura,Unknown,-,-
Candidatus Vestibaculum,Unknown,-,-
Candidatus Xiphinematobacter,Unknown,-,-
Caproiciproducens,Anaerobic,-,Correct
Carnimonas,Aerotolerant,-,-
Carnobacterium,Aerotolerant,-,Correct
Castellaniella,Aerotolerant,-,-
Catabacter,Anaerobic,-,-
Catellatospora,Aerotolerant,-,-
Catellicoccus,Aerotolerant,-,-
Caulobacter,Aerotolerant,-,-
Celeribacter,Aerotolerant,-,-
Cellulomonas,Aerotolerant,Correct,-
Cellulosilyticum,Anaerobic,Correct,Correct
Cellulosimicrobium,Aerotolerant,-,-
Cellvibrio,Aerotolerant,-,-
Cetobacterium,Anaerobic,-,-
Chalicogloea CCALA 975,Aerotolerant,-,-
Chelativorans,Aerotolerant,-,-
Chelatococcus,Aerotolerant,-,-
Chelonobacter,Aerotolerant,-,-
Chitinimonas,Aerotolerant,-,-
Chitinophaga,Aerotolerant,-,-
CHKCI002,Unknown,-,-
Chloroflexi bacterium JEA33,Anaerobic,-,-
Chlorogloeopsis PCC-7518,Aerotolerant,-,-
Chloronema,Anaerobic,-,-
Chondromyces,Aerotolerant,-,-
Christensenella,Anaerobic,-,-
Christensenellaceae R-7 group,Anaerobic,Correct,-
Chroococcidiopsis PCC 7203,Aerotolerant,-,-
Chroococcidiopsis PCC-6712,Aerotolerant,-,-
Chroococcidiopsis SAG 2023,Aerotolerant,-,-
Chryseobacterium,Aerotolerant,-,Correct
Chryseolinea,Aerotolerant,-,Correct
Chthoniobacter,Aerotolerant,Correct,-
Chthonobacter,Aerotolerant,-,-
Chthonomonas,Aerotolerant,-,-
Chujaibacter,Aerotolerant,-,-
CL500-29 marine group,Unknown,-,-
CL500-3,Unknown,-,-
Cloacibacillus,Aerotolerant,-,-
Cloacibacterium,Anaerobic,-,-
Clostridiisalibacter,Anaerobic,-,-
Clostridioides,Anaerobic,-,-
Clostridium sensu stricto 1,Anaerobic,Correct,-
Clostridium sensu stricto 10,Anaerobic,-,-
Clostridium sensu stricto 11,Anaerobic,-,-
Clostridium sensu stricto 12,Anaerobic,-,-
Clostridium sensu stricto 13,Anaerobic,-,-
Clostridium sensu stricto 18,Anaerobic,-,-
Clostridium sensu stricto 2,Anaerobic,-,-
Clostridium sensu stricto 3,Anaerobic,-,-
Clostridium sensu stricto 5,Anaerobic,-,-
Clostridium sensu stricto 6,Anaerobic,-,-
Clostridium sensu stricto 8,Anaerobic,-,-
Cnuella,Aerotolerant,-,-
Cohnella,Aerotolerant,-,Correct
Collinsella,Anaerobic,-,-
Comamonas,Aerotolerant,-,-
Commensalibacter,Aerotolerant,-,-
Conexibacter,Aerotolerant,-,-
Constrictibacter,Aerotolerant,-,-
Coprobacillus,Aerotolerant,-,-
Coprococcus 3,Anaerobic,-,-
Coriobacteriaceae UCG-002,Anaerobic,-,-
Corticicoccus,Aerotolerant,-,-
Corynebacterium,Aerotolerant,-,Correct
Corynebacterium 1,Aerotolerant,Correct,-
Coxiella,Aerotolerant,-,-
CPla-4 termite group,Unknown,-,-
Craurococcus,Aerotolerant,-,-
Croceicoccus,Aerotolerant,-,-
Crocinitomix,Aerotolerant,-,-
Crossiella,Aerotolerant,-,-
Cryomorpha,Aerotolerant,-,-
Cryptosporangium,Aerotolerant,Correct,-
Cupriavidus,Aerotolerant,-,-
Curtobacterium,Aerotolerant,Correct,Correct
Curvibacter,Aerotolerant,-,-
Cutibacterium,Aerotolerant,-,Correct
Cyanobium PCC-6307,Aerotolerant,-,-
Cystobacter,Aerotolerant,-,-
Cytophaga,Aerotolerant,-,Correct
Dactylosporangium,Aerotolerant,-,-
Dechloromonas,Anaerobic,-,-
Defluviicoccus,Aerotolerant,-,-
Defluviimonas,Aerotolerant,-,-
Defluviitaleaceae UCG-011,Anaerobic,-,-
Deinococcus,Aerotolerant,-,-
Delftia,Aerotolerant,-,-
Demequina,Aerotolerant,Correct,-
Dendrosporobacter,Anaerobic,-,-
Dermacoccus,Aerotolerant,-,-
Dermatophilus,Aerotolerant,-,-
Desulfatiferula,Anaerobic,-,-
Desulfotomaculum,Anaerobic,-,-
Desulfovibrio,Anaerobic,-,Correct
Devosia,Aerotolerant,-,-
Dietzia,Aerotolerant,Correct,-
Dinghuibacter,Aerotolerant,-,Correct
Diplorickettsia,Aerotolerant,-,-
Dokdonella,Aerotolerant,-,-
Domibacillus,Aerotolerant,-,-
Dongia,Aerotolerant,-,Correct
Dorea,Anaerobic,-,-
DTU089,Anaerobic,-,-
Dyadobacter,Aerotolerant,-,-
Dyella,Aerotolerant,-,-
Dysgonomonas,Anaerobic,Wrong,-
EcFYyy-200,Unknown,-,-
Eggerthella,Anaerobic,-,-
Eikenella,Aerotolerant,-,-
Eisenbergiella,Anaerobic,-,Correct
Ellin6055,Unknown,-,-
Ellin6067,Unknown,-,-
Elusimicrobium,Aerotolerant,-,Wrong
Empedobacter,Aerotolerant,-,-
Emticicia,Aerotolerant,-,-
Endobacter,Aerotolerant,-,-
endosymbionts6,Unknown,-,-
endosymbionts8,Unassigned,-,-
Enhydrobacter,Aerotolerant,-,-
Ensifer,Aerotolerant,-,-
Enteractinococcus,Aerotolerant,-,-
Enterococcus,Aerotolerant,Correct,Correct
Enterorhabdus,Anaerobic,-,Wrong
Enterovibrio,Aerotolerant,-,-
Entomoplasma,Aerotolerant,-,-
Eoetvoesia,Aerotolerant,-,-
Epulopiscium,Anaerobic,-,-
Erysipelatoclostridium,Anaerobic,Correct,Correct
Erysipelothrix,Aerotolerant,-,-
Erythrobacter,Aerotolerant,-,-
Erythrobacter sp. HME6855,Aerotolerant,-,-
Escherichia-Shigella,Aerotolerant,-,Correct
Eubacterium,Anaerobic,Correct,-
Euryhalocaulis,Aerotolerant,-,-
Euzebya,Aerotolerant,-,-
Facklamia,Aerotolerant,-,-
Faecalitalea,Anaerobic,-,-
Family XIII AD3011 group,Anaerobic,-,-
Family XIII UCG-001,Anaerobic,-,-
FCPS473,Unknown,-,-
Fermentimonas,Anaerobic,-,-
Ferrovibrio,Aerotolerant,-,-
Ferruginibacter,Aerotolerant,-,Correct
FFCH5858,Unknown,-,-
FFCH7168,Unknown,-,-
Fibrella,Aerotolerant,-,-
Filimonas,Anaerobic,-,-
Fimbriiglobus,Aerotolerant,Correct,Correct
Flavihumibacter,Aerotolerant,-,-
Flavimarina,Aerotolerant,-,-
Flavisolibacter,Aerotolerant,-,-
Flavitalea,Aerotolerant,-,-
Flavobacterium,Aerotolerant,-,Correct
Flectobacillus,Aerotolerant,-,-
Flexibacter,Aerotolerant,-,-
Flexivirga,Aerotolerant,-,-
Flindersiella,Aerotolerant,-,-
Fluviicola,Aerotolerant,-,-
Fodinicola,Aerotolerant,-,-
Foliisarcina CENA333,Aerotolerant,-,-
Fonticella,Anaerobic,-,-
Fontimonas,Aerotolerant,-,-
Formosa,Aerotolerant,-,-
Fournierella,Anaerobic,-,-
Friedmanniella,Aerotolerant,-,-
Frigoribacterium,Aerotolerant,Correct,-
Fructobacillus,Aerotolerant,Correct,-
Fulvimarina,Aerotolerant,-,-
Fusobacterium,Anaerobic,-,-
Gaiella,Aerotolerant,-,Correct
Gaiella sp. EBR4-RS1,Aerotolerant,-,-
Galbibacter,Aerotolerant,-,-
Galbitalea,Aerotolerant,-,-
Gallicola,Aerotolerant,-,-
Gardnerella,Anaerobic,-,-
GCA-900066225,Anaerobic,-,-
GCA-900066575,Anaerobic,-,-
Gelidibacter,Aerotolerant,-,-
Gemella,Aerotolerant,-,-
Geminicoccus,Aerotolerant,-,-
Gemmata,Aerotolerant,Correct,Correct
Gemmatimonas,Aerotolerant,-,Correct
Gemmatirosa,Aerotolerant,-,-
Gemmobacter,Aerotolerant,-,-
Geobacillus,Aerotolerant,-,-
Geodermatophilus,Aerotolerant,Correct,-
Geomicrobium,Aerotolerant,-,-
Georgenia,Aerotolerant,-,-
Gilliamella,Aerotolerant,-,-
Gimesia,Aerotolerant,-,-
GKS98 freshwater group,Unknown,-,-
Glaciecola,Aerotolerant,-,-
Gloeocapsa PCC-7428,Aerotolerant,-,-
Gluconobacter,Aerotolerant,-,-
Glutamicibacter,Aerotolerant,-,-
Glycomyces,Aerotolerant,-,-
Gordonia,Aerotolerant,Correct,-
Gordonibacter,Aerotolerant,-,Wrong
Gottschalkia,Anaerobic,-,-
Gracilibacillus,Aerotolerant,-,-
Gramella,Aerotolerant,-,-
Granulicella,Aerotolerant,-,-
Gryllotalpicola,Aerotolerant,-,-
Gulosibacter,Aerotolerant,-,-
Haematomicrobium,Aerotolerant,-,-
Haemophilus,Aerotolerant,-,-
Halalkalibacillus,Aerotolerant,-,-
Haliangium,Aerotolerant,-,Correct
Haloactinobacterium,Aerotolerant,-,-
Haloactinopolyspora,Aerotolerant,-,-
Haloactinospora,Aerotolerant,-,-
Halobacillus,Aerotolerant,-,-
Halobacteriovorax,Aerotolerant,-,-
Halodesulfovibrio,Anaerobic,-,-
Haloferula,Aerotolerant,-,-
Halomonas,Aerotolerant,-,-
Haloplasma,Anaerobic,-,-
Halovibrio,Aerotolerant,-,-
Hamadaea,Aerotolerant,-,-
Hansschlegelia,Aerotolerant,-,-
Haoranjiania,Aerotolerant,-,-
Hathewaya,Anaerobic,-,-
Helicobacter,Aerotolerant,-,Correct
Hellea,Aerotolerant,-,-
Hephaestia,Aerotolerant,-,-
Herbaspirillum,Aerotolerant,-,-
Herbinix,Anaerobic,-,-
Herpetosiphon,Anaerobic,-,-
Hirschia,Aerotolerant,-,-
Hoeflea,Aerotolerant,-,-
Holdemania,Anaerobic,Correct,-
Hoyosella,Aerotolerant,-,-
HSB OF53-F07,Unknown,-,-
Huakuichenia,Aerotolerant,-,-
Humibacter,Aerotolerant,-,-
Hungatella,Anaerobic,-,-
Hyaloperonospora arabidopsidis,Unknown,-,-
Hydrogenispora,Anaerobic,-,-
Hydrogenoanaerobacterium,Anaerobic,-,-
Hydrogenophaga,Aerotolerant,-,-
Hymenobacter,Aerotolerant,-,-
Hyphomicrobium,Aerotolerant,-,Correct
Iamia,Aerotolerant,-,Correct
Idiomarina,Aerotolerant,-,-
Ignatzschineria,Aerotolerant,-,-
IheB3-7,Unknown,-,-
Ilumatobacter,Aerotolerant,-,Correct
IMCC26207,Unknown,-,-
Incertae Sedis,Unknown,-,-
Inhella,Aerotolerant,-,-
Intestinibacter,Anaerobic,-,-
Intestinimonas,Anaerobic,-,Correct
IS-44,Unknown,-,-
Isoptericola,Aerotolerant,-,-
Isosphaera,Aerotolerant,-,-
Jannaschia,Aerotolerant,-,-
Jatrophihabitans,Aerotolerant,Correct,-
JCM 18997,Unknown,-,-
JdFR-76,Unknown,-,-
Jeotgalibaca,Aerotolerant,-,-
Jeotgalicoccus,Aerotolerant,-,-
JGI 0001001-H03,Unknown,-,-
Jiangella,Aerotolerant,-,-
Jonesia,Aerotolerant,-,-
JTB255 marine benthic group,Unknown,-,-
Kaistia,Aerotolerant,-,-
Ketogulonicigenium,Aerotolerant,-,-
Kibdelosporangium,Aerotolerant,-,-
Kineococcus,Aerotolerant,Correct,-
Kineosporia,Aerotolerant,Correct,-
Kocuria,Aerotolerant,-,-
Kosakonia,Aerotolerant,-,-
Koukoulia,Aerotolerant,-,-
Kouleothrix,Anaerobic,-,-
Kribbella,Aerotolerant,-,Correct
Ktedonobacter,Aerotolerant,-,-
Kurthia,Aerotolerant,-,-
Kushneria,Aerotolerant,-,-
Labrenzia,Aerotolerant,-,-
Labrys,Aerotolerant,-,-
Lachnoclostridium,Anaerobic,Correct,Correct
Lachnoclostridium 10,Anaerobic,Correct,-
Lachnoclostridium 12,Anaerobic,-,-
Lachnoclostridium 5,Anaerobic,-,-
Lachnospira,Anaerobic,-,-
Lachnospiraceae NK4A136 group,Anaerobic,-,-
Lachnospiraceae UCG-006,Anaerobic,-,-
Lachnospiraceae UCG-007,Anaerobic,Correct,-
Lachnospiraceae UCG-008,Anaerobic,-,-
Lachnospiraceae UCG-009,Anaerobic,-,-
Lachnospiraceae UCG-010,Anaerobic,Correct,-
Lachnotalea,Anaerobic,-,-
Lacticigenium,Aerotolerant,-,-
Lactobacillus,Aerotolerant,Correct,Correct
Lactococcus,Aerotolerant,Correct,Correct
Lactonifactor,Anaerobic,-,-
Lactovum,Aerotolerant,-,-
Lacunisphaera,Aerotolerant,-,-
Lamprocystis,Anaerobic,-,-
Lampropedia,Aerotolerant,-,-
Larkinella,Aerotolerant,-,-
Lautropia,Aerotolerant,-,-
Lawsonella,Aerotolerant,-,-
LD29,Unknown,-,-
Leadbetterella,Aerotolerant,-,-
Lechevalieria,Aerotolerant,-,-
Legionella,Aerotolerant,-,-
Leifsonia,Aerotolerant,Correct,-
Lentimicrobium,Aerotolerant,-,-
Leptolyngbya ANT.L52.2,Aerotolerant,-,-
Leptolyngbya Es-Yyy1000,Aerotolerant,-,-
Leptolyngbya PCC-6306,Aerotolerant,-,-
Leucobacter,Aerotolerant,Correct,-
Leuconostoc,Aerotolerant,Correct,-
Lewinella,Aerotolerant,-,-
Limibacillus,Aerotolerant,-,-
Limnobacter,Aerotolerant,-,-
Listeria,Aerotolerant,-,-
Litorilinea,Aerotolerant,-,-
Longimicrobium,Aerotolerant,-,-
Longimonas,Anaerobic,-,-
Longispora,Aerotolerant,-,-
Loriellopsis LF-B5,Aerotolerant,-,-
Luedemannella,Aerotolerant,-,-
Luteibacter,Aerotolerant,-,-
Luteimonas,Aerotolerant,-,-
Luteitalea,Aerotolerant,-,Correct
Luteococcus,Aerotolerant,-,-
Luteolibacter,Aerotolerant,-,-
Lutispora,Anaerobic,-,-
Lysinibacillus,Aerotolerant,-,-
Lysinimicrobium,Aerotolerant,-,-
Lysobacter,Aerotolerant,-,-
Mangrovibacter,Aerotolerant,-,-
Marinagarivorans,Aerotolerant,-,-
marine metagenome,Unassigned,-,-
Marinilutecoccus,Aerotolerant,-,-
Marinimicrobium,Aerotolerant,-,-
Marinobacter,Aerotolerant,-,-
Marinococcus,Aerotolerant,-,-
Maritimimonas,Aerotolerant,-,-
Marmoricola,Aerotolerant,-,Correct
Martelella,Aerotolerant,-,-
Marvinbryantia,Anaerobic,-,Correct
Massilia,Aerotolerant,-,Correct
Mastigocladopsis PCC-10914,Aerotolerant,-,-
MD3-55,Unknown,-,-
Megamonas,Anaerobic,-,-
Meiothermus,Aerotolerant,-,-
Mesorhizobium,Aerotolerant,-,Correct
metagenome,Unassigned,-,-
Methylobacterium,Aerotolerant,-,-
Methyloceanibacter,Aerotolerant,-,-
Methylocystis,Aerotolerant,-,-
Methyloligella,Aerotolerant,-,-
Methylophaga,Aerotolerant,-,-
Methylopila,Aerotolerant,-,-
Methyloversatilis,Aerotolerant,-,-
Methylovirgula,Aerotolerant,-,-
Microbacterium,Aerotolerant,Correct,Correct
Microbulbifer,Aerotolerant,-,-
Microlunatus,Aerotolerant,-,Correct
Micromonospora,Aerotolerant,Correct,-
Micropruina,Aerotolerant,-,-
Microvirga,Aerotolerant,-,Correct
Minicystis,Aerotolerant,-,-
Miniimonas,Aerotolerant,-,-
MIZ36,Unknown,-,-
Mizugakiibacter,Aerotolerant,-,-
mle1-7,Unknown,-,-
MN 122.2a,Unknown,-,-
MND1,Unknown,-,-
Mobilicoccus,Aerotolerant,-,-
Mobilitalea,Anaerobic,-,-
Modestobacter,Aerotolerant,-,-
Moheibacter,Aerotolerant,-,-
Moraxella,Aerotolerant,-,Correct
Morganella,Aerotolerant,-,Correct
Moryella,Anaerobic,-,-
Motilibacter,Aerotolerant,-,-
Mucilaginibacter,Aerotolerant,-,-
Mucispirillum,Anaerobic,Correct,-
Mumia,Aerotolerant,-,-
Muribaculum,Anaerobic,-,Correct
Muricauda,Aerotolerant,-,-
Muricoccus,Aerotolerant,-,-
Murimonas,Anaerobic,-,-
Mycetocola,Aerotolerant,-,-
Mycobacterium,Aerotolerant,Correct,Correct
Mycoplana,Aerotolerant,-,-
Myroides,Aerotolerant,-,Correct
Myxococcus,Aerotolerant,-,-
Myxosarcina GI1,Aerotolerant,-,-
Myxosarcina SAG 30.84,Aerotolerant,-,-
Nakamurella,Aerotolerant,Correct,Correct
Nannocystis,Aerotolerant,-,-
Negativicoccus,Anaerobic,-,-
Neo-b11,Unknown,-,-
Nesterenkonia,Aerotolerant,-,-
Niabella,Aerotolerant,-,-
Niastella,Aerotolerant,-,Correct
Nitratireductor,Aerotolerant,-,-
Nitriliruptor,Aerotolerant,-,-
Nitrolancea,Aerotolerant,-,-
Nitrosococcus,Aerotolerant,-,-
Nitrosomonas,Aerotolerant,-,-
Nitrospira,Aerotolerant,-,Correct
Nocardia,Aerotolerant,Correct,-
Nocardioides,Aerotolerant,-,Correct
Nocardiopsis,Aerotolerant,-,-
Nonlabens,Aerotolerant,-,-
Nonomuraea,Aerotolerant,-,-
Nordella,Aerotolerant,-,Correct
Nostoc PCC-73102,Aerotolerant,-,-
Noviherbaspirillum,Aerotolerant,-,-
Novosphingobium,Aerotolerant,-,Correct
Nubsella,Aerotolerant,-,-
Oceanicella,Aerotolerant,-,-
Oceanimonas,Aerotolerant,-,-
Oceanisphaera,Aerotolerant,-,-
Oceanobacillus,Aerotolerant,-,-
Ochrobactrum,Aerotolerant,-,Correct
Odoribacter,Anaerobic,Correct,Correct
Ohtaekwangia,Aerotolerant,-,Correct
OLB13,Unknown,-,-
OLB15,Unknown,-,-
OLB17,Unknown,-,-
OLB8,Unknown,-,-
Oligella,Aerotolerant,-,-
Oligoflexus,Anaerobic,-,Wrong
OM27 clade,Unknown,-,-
OM60(NOR5) clade,Unknown,-,-
Opitutus,Aerotolerant,-,Wrong
Orbus,Aerotolerant,-,-
Ornithinicoccus,Aerotolerant,-,-
Ornithinimicrobium,Aerotolerant,-,-
Ornithobacterium,Aerotolerant,-,-
Oscillibacter,Anaerobic,-,Correct
Oscillochloris,Anaerobic,-,-
Oxalobacter,Anaerobic,-,Correct
Oxalophagus,Aerotolerant,-,-
p-1088-a5 gut group,Anaerobic,-,-
Paenalcaligenes,Aerotolerant,-,-
Paenibacillus,Aerotolerant,Correct,Correct
Paeniclostridium,Anaerobic,Correct,-
Paenirhodobacter,Anaerobic,-,-
Paenochrobactrum,Aerotolerant,-,-
Pajaroellobacter,Aerotolerant,-,-
Palleronia,Aerotolerant,-,-
Paludibacter,Anaerobic,-,-
Paludibaculum,Aerotolerant,-,-
Paludisphaera,Aerotolerant,Correct,-
Panacagrimonas,Aerotolerant,-,-
Pandoraea,Aerotolerant,-,-
Pantoea,Aerotolerant,-,Correct
Papillibacter,Anaerobic,-,-
Parabacteroides,Anaerobic,Correct,Correct
Paraburkholderia tropica,Aerotolerant,-,-
Paraclostridium,Anaerobic,Correct,-
Paracoccus,Aerotolerant,-,-
Paraeggerthella,Anaerobic,-,-
Parafilimonas,Anaerobic,-,Wrong
Parapedobacter,Aerotolerant,-,-
Parapusillimonas,Aerotolerant,-,-
Pararhodospirillum,Anaerobic,-,-
Parasphingopyxis,Aerotolerant,-,-
Parasutterella,Aerotolerant,-,Wrong
Parviterribacter,Aerotolerant,-,-
Pasteuria,Aerotolerant,-,-
Patulibacter,Aerotolerant,-,-
Pectobacterium,Aerotolerant,-,-
Pediococcus,Aerotolerant,-,-
Pedobacter,Aerotolerant,-,Correct
Pedomicrobium,Aerotolerant,-,Correct
Pelagibacterium,Aerotolerant,-,-
Pelagibius,Aerotolerant,-,-
Peptoclostridium,Anaerobic,-,-
Peptococcus,Anaerobic,-,Correct
Peptoniphilus,Anaerobic,-,-
Peredibacter,Aerotolerant,-,-
Persicitalea,Aerotolerant,-,-
Phascolarctobacterium,Anaerobic,Correct,-
Phaselicystis,Aerotolerant,-,Correct
Phenylobacterium,Aerotolerant,-,Correct
Phormidium IAM M-71,Aerotolerant,-,-
Photobacterium,Aerotolerant,-,-
Phreatobacter,Aerotolerant,-,-
Phycicoccus,Aerotolerant,-,-
Phyllobacterium,Aerotolerant,-,Correct
Phytohabitans,Aerotolerant,-,-
Pir3 lineage,Aerotolerant,-,-
Pir4 lineage,Aerotolerant,Correct,-
Pirellula,Aerotolerant,Correct,Correct
Planctomicrobium,Aerotolerant,-,-
Planctomycetaceae bacterium Bac131,Unknown,-,-
Planctomycetales bacterium Ellin6207,Unknown,-,-
Planctopirus,Aerotolerant,-,-
Planktomarina,Aerotolerant,-,-
Pleomorphomonas,Aerotolerant,-,-
Pleurocapsa PCC-7319,Aerotolerant,-,-
Pleurocapsa PCC-7327,Aerotolerant,-,-
PMMR1,Unknown,-,-
Polyangium,Aerotolerant,-,-
Polymorphobacter,Aerotolerant,-,-
Pontibaca,Aerotolerant,-,-
Porphyromonas,Anaerobic,-,-
Portibacter,Aerotolerant,-,-
Pragia,Aerotolerant,-,-
Prauserella,Aerotolerant,-,-
Prevotellaceae UCG-001,Anaerobic,-,-
Pricia,Aerotolerant,-,-
Promicromonospora,Aerotolerant,-,-
Propionicicella,Aerotolerant,-,-
Propioniciclava,Aerotolerant,-,-
Prosthecobacter,Aerotolerant,-,-
Proteiniborus,Anaerobic,-,-
Proteiniphilum,Anaerobic,-,-
Proteus,Aerotolerant,-,-
Providencia,Aerotolerant,-,Correct
Pseudactinotalea,Aerotolerant,-,-
Pseudaminobacter,Aerotolerant,-,Correct
Pseudenhygromyxa,Aerotolerant,-,-
Pseudoalteromonas,Aerotolerant,-,-
Pseudochelatococcus,Aerotolerant,-,-
Pseudochrobactrum,Aerotolerant,-,-
Pseudoclavibacter,Aerotolerant,-,-
Pseudoflavitalea,Aerotolerant,-,-
Pseudofulvimonas,Aerotolerant,-,-
Pseudogracilibacillus,Aerotolerant,-,-
Pseudohoeflea,Aerotolerant,-,-
Pseudokineococcus,Aerotolerant,Correct,-
Pseudolabrys,Aerotolerant,-,Correct
Pseudomonas,Aerotolerant,-,Correct
Pseudonocardia,Aerotolerant,-,Correct
Pseudopropionibacterium,Aerotolerant,-,-
Pseudorhodoplanes,Aerotolerant,-,Correct
Pseudovibrio,Aerotolerant,-,-
Pseudoxanthobacter,Aerotolerant,-,-
Pseudoxanthomonas,Aerotolerant,-,Correct
Psychrobacter,Aerotolerant,-,-
Psychroglaciecola,Aerotolerant,-,-
Psychromonas,Aerotolerant,-,-
Pusillimonas,Aerotolerant,-,-
Pygmaiobacter,Anaerobic,-,-
Pyramidobacter,Unknown,-,-
Qipengyuania,Aerotolerant,-,-
Quadrisphaera,Aerotolerant,Correct,-
Ralstonia,Aerotolerant,-,-
Ramlibacter,Aerotolerant,-,-
Raoultibacter,Aerotolerant,-,-
Rathayibacter,Aerotolerant,-,-
RB41,Unknown,-,-
Reyranella,Aerotolerant,-,Correct
Rheinheimera,Aerotolerant,-,-
Rhizobacter,Aerotolerant,-,Correct
Rhizocola,Aerotolerant,-,-
Rhizorhapis,Aerotolerant,-,-
Rhodanobacter,Aerotolerant,-,Correct
Rhodobacter,Aerotolerant,-,-
Rhodoblastus,Anaerobic,-,-
Rhodococcus,Aerotolerant,Correct,-
Rhodocytophaga,Aerotolerant,-,-
Rhodoligotrophos,Aerotolerant,-,-
Rhodomicrobium,Aerotolerant,-,-
Rhodopirellula,Aerotolerant,-,-
Rhodoplanes,Aerotolerant,-,Correct
Rhodopseudomonas,Aerotolerant,-,-
Rhodovarius,Aerotolerant,-,-
Rhodovastum,Aerotolerant,-,-
Rickettsia,Aerotolerant,-,-
Rickettsiella,Aerotolerant,-,-
Rikenella,Anaerobic,Wrong,Correct
Rikenellaceae RC9 gut group,Anaerobic,-,-
Robertkochia,Aerotolerant,-,-
Robiginitalea,Aerotolerant,-,-
Robinsoniella,Anaerobic,Correct,-
Romboutsia,Anaerobic,Correct,Correct
Roseburia,Anaerobic,-,Correct
Roseiarcus,Anaerobic,-,-
Roseibacillus,Aerotolerant,-,-
Roseiflexus,Anaerobic,-,-
Roseimaritima,Aerotolerant,-,-
Roseimicrobium,Aerotolerant,-,-
Roseobacter clade CHAB-I-5 lineage,Aerotolerant,-,-
Roseomonas,Aerotolerant,-,-
Roseovarius,Aerotolerant,-,-
Rothia,Aerotolerant,Correct,-
Ruania,Aerotolerant,-,-
Rubellimicrobium,Aerotolerant,-,-
Rubinisphaera,Aerotolerant,-,-
Rubripirellula,Aerotolerant,-,-
Rubritepida,Aerotolerant,-,-
Rubrivirga,Anaerobic,-,-
Rubrobacter,Aerotolerant,-,-
Rudaea,Aerotolerant,-,-
Ruminiclostridium,Anaerobic,-,-
Ruminiclostridium 1,Anaerobic,Correct,-
Ruminiclostridium 5,Anaerobic,Correct,-
Ruminiclostridium 9,Anaerobic,-,-
Ruminococcaceae NK4A214 group,Anaerobic,-,-
Ruminococcaceae UCG-005,Anaerobic,-,-
Ruminococcaceae UCG-008,Anaerobic,-,-
Ruminococcaceae UCG-009,Anaerobic,-,-
Ruminococcaceae UCG-010,Anaerobic,-,-
Ruminococcaceae UCG-012,Anaerobic,-,-
Ruminococcaceae UCG-013,Anaerobic,-,-
Ruminococcaceae UCG-014,Anaerobic,-,-
Ruminococcaceae V9D2013 group,Anaerobic,-,-
Ruminococcus 1,Anaerobic,-,-
Rummeliibacillus,Aerotolerant,-,-
Saccharibacillus,Aerotolerant,-,Correct
Saccharibacter,Aerotolerant,-,-
Saccharopolyspora,Aerotolerant,-,-
Saccharothrix,Aerotolerant,-,-
Saccharum hybrid cultivar,Unassigned,-,-
Salana,Aerotolerant,-,-
Salimicrobium,Aerotolerant,-,-
Salinicoccus,Aerotolerant,-,-
Salinicola,Aerotolerant,-,-
Salinisphaera,Aerotolerant,-,-
Salipaludibacillus,Aerotolerant,-,-
Sandaracinobacter,Aerotolerant,-,-
Sandaracinus,Aerotolerant,-,-
Sanguibacter,Aerotolerant,-,-
Sanguibacteroides,Anaerobic,-,-
SAR92 clade,Aerotolerant,-,-
Sarcina,Aerotolerant,-,-
Savagea,Aerotolerant,-,-
SCGC AAA164-E04,Unknown,-,-
Schlesneria,Aerotolerant,-,Correct
Sciscionella,Aerotolerant,-,-
Scytonema PCC-7110,Aerotolerant,-,-
Scytonema UTEX 2349,Aerotolerant,-,-
Scytonema VB-61278,Aerotolerant,-,-
Sebaldella,Anaerobic,-,-
Sedimentibacter,Anaerobic,-,-
Sediminibacterium,Aerotolerant,-,-
Sediminimonas,Aerotolerant,-,-
Sediminivirga,Aerotolerant,-,-
Segetibacter,Aerotolerant,-,-
Segniliparus,Aerotolerant,-,-
Sellimonas,Anaerobic,-,-
Serinibacter,Aerotolerant,-,-
Serratia,Aerotolerant,-,-
SH-PL14,Unknown,-,-
Shewanella,Aerotolerant,-,-
Shinella,Aerotolerant,-,-
Silvanigrella,Aerotolerant,-,-
Singulisphaera,Aerotolerant,Correct,Correct
Sinobaca,Aerotolerant,-,-
Sinobacterium,Aerotolerant,-,-
Sinomicrobium,Aerotolerant,-,-
Sinomonas,Aerotolerant,-,-
Siphonobacter,Aerotolerant,-,-
Skermanella,Aerotolerant,-,-
Skermania,Aerotolerant,-,-
Slackia,Aerotolerant,-,-
SM1A02,Unknown,-,-
Smaragdicoccus,Aerotolerant,-,-
Snodgrassella,Unknown,-,-
Sodalis,Aerotolerant,-,-
soil bacterium WF55,Unassigned,-,-
Solibacillus,Aerotolerant,-,Correct
Solirubrobacter,Aerotolerant,-,Correct
Solitalea,Aerotolerant,-,Correct
Sorangium,Aerotolerant,-,-
Sphaerisporangium,Aerotolerant,-,-
Sphaerobacter,Aerotolerant,-,-
Sphingoaurantiacus,Aerotolerant,-,-
Sphingobacterium,Aerotolerant,-,-
Sphingobium,Aerotolerant,-,Correct
Sphingomonas,Aerotolerant,-,-
Sphingopyxis,Aerotolerant,-,-
Sphingorhabdus,Aerotolerant,-,-
Sphingosinicella,Aerotolerant,-,-
Spirochaeta 2,Anaerobic,-,-
Spiroplasma,Aerotolerant,-,-
Spirosoma,Aerotolerant,-,-
Sporacetigenium,Anaerobic,-,-
Sporichthya,Aerotolerant,-,-
Sporocytophaga,Aerotolerant,-,Correct
Sporomusa,Anaerobic,-,-
Sporosarcina,Aerotolerant,-,Correct
Stackebrandtia,Aerotolerant,-,-
Stanieria PCC-7437,Aerotolerant,-,-
Staphylococcus,Aerotolerant,Correct,Correct
Stappia,Aerotolerant,-,-
Starkeya,Aerotolerant,-,-
Stenotrophobacter,Aerotolerant,-,-
Stenotrophomonas,Aerotolerant,-,-
Steroidobacter,Aerotolerant,-,Correct
Streptococcus,Aerotolerant,-,Correct
Streptomyces,Aerotolerant,Correct,Correct
Streptosporangium,Aerotolerant,-,-
Subdoligranulum,Anaerobic,-,-
Subgroup 10,Unknown,-,-
Sulfurovum,Aerotolerant,-,-
Sutterella,Anaerobic,-,-
Suttonella,Aerotolerant,-,-
Sva0081 sediment group,Unknown,-,-
Sva0996 marine group,Unknown,-,-
Swaminathania,Aerotolerant,-,-
SWB02,Unknown,-,-
Symplocastrum CPER-KK1,Aerotolerant,-,-
Synechococcus CC9902,Aerotolerant,-,-
Synechococcus IR11,Aerotolerant,-,-
Synechococcus PCC-7902,Aerotolerant,-,-
Synechocystis BDHKU-20401,Aerotolerant,-,-
Syntrophobacter,Anaerobic,-,-
SZB85,Unknown,-,-
Tabrizicola,Aerotolerant,-,-
Tagaea,Aerotolerant,-,-
Tahibacter,Aerotolerant,-,-
Taibaiella,Aerotolerant,-,-
Tanticharoenia,Aerotolerant,-,-
Telmatocola,Aerotolerant,-,-
Tepidamorphus,Aerotolerant,-,-
Tepidimonas,Aerotolerant,-,-
Tepidisphaera,Aerotolerant,-,-
Termite planctomycete cluster,Unknown,-,-
Termite Treponema cluster,Anaerobic,-,-
Terribacillus,Aerotolerant,-,-
Terrimicrobium,Aerotolerant,-,-
Terrimonas,Aerotolerant,-,Correct
Terrisporobacter,Anaerobic,Correct,-
Tessaracoccus,Aerotolerant,-,Correct
Tetrasphaera,Aerotolerant,-,-
Thauera,Anaerobic,-,-
Thermicanus,Aerotolerant,-,-
Thermobacillus,Aerotolerant,-,-
Thermocatellispora,Aerotolerant,-,-
Thermomonas,Aerotolerant,-,-
Thermosporothrix,Aerotolerant,-,-
Thermus,Aerotolerant,-,-
Thiobaca,Aerotolerant,-,-
Thioclava,Aerotolerant,-,-
Thiodictyon,Aerotolerant,-,-
Thiothrix,Aerotolerant,-,-
Timonella,Aerotolerant,-,-
Tissierella,Anaerobic,-,-
TM7 phylum sp. oral clone FR058,Unknown,-,-
Tolypothrix PCC-7601,Aerotolerant,-,-
Tomitella,Aerotolerant,-,-
Trabulsiella,Aerotolerant,-,-
Tranquillimonas,Aerotolerant,-,-
Treponema,Anaerobic,-,Wrong
Tropicimonas,Aerotolerant,-,-
Truepera,Aerotolerant,-,-
Tsukamurella,Aerotolerant,Correct,-
Tumebacillus,Aerotolerant,-,-
Tunicatimonas,Aerotolerant,-,-
Turicibacter,Aerotolerant,-,-
Tyzzerella,Anaerobic,Wrong,Correct
Tyzzerella 3,Anaerobic,-,-
Tyzzerella 4,Anaerobic,-,-
UBA1819,Anaerobic,-,-
Uliginosibacterium,Aerotolerant,-,-
uncultured,Unknown,-,-
uncultured Acetobacteraceae bacterium,Aerotolerant,-,-
uncultured Acidimicrobidae bacterium,Aerotolerant,-,-
uncultured Acidobacteria bacterium,Unknown,-,-
uncultured Acidobacteriales bacterium,Unknown,-,-
uncultured Acidobacterium sp.,Unknown,-,-
uncultured actinobacterium,Unknown,-,-
uncultured Actinomycetales bacterium,Unknown,-,-
uncultured Alcaligenaceae bacterium,Aerotolerant,-,-
uncultured alpha proteobacterium,Unknown,-,-
uncultured anaerobic ammonium-oxidizing bacterium,Anaerobic,-,-
uncultured Anaerolineaceae bacterium,Anaerobic,-,-
uncultured Anaerolineae bacterium,Anaerobic,-,-
uncultured Anaeromyxobacter sp.,Aerotolerant,-,-
uncultured Archangiaceae bacterium,Aerotolerant,-,-
uncultured Armatimonadetes bacterium,Aerotolerant,-,-
uncultured bacterium,Unknown,-,-
uncultured bacterium 259,Unknown,-,-
uncultured bacterium GC1,Unknown,-,-
uncultured bacterium gp6,Unknown,-,-
uncultured bacterium mle1-12,Unknown,-,-
uncultured bacterium mle1-27,Unknown,-,-
uncultured bacterium SBR1071,Unknown,-,-
uncultured bacterium SBR2013,Unknown,-,-
uncultured bacterium SBR2096,Unknown,-,-
uncultured bacterium SJP-3,Unknown,-,-
uncultured Bacteroidales bacterium,Anaerobic,-,-
uncultured Bacteroidetes bacterium,Anaerobic,-,-
uncultured beta proteobacterium,Unknown,-,-
uncultured Bradyrhizobiaceae bacterium,Unknown,-,-
uncultured Caldilineaceae bacterium,Unknown,-,-
uncultured Caldilineae bacterium,Unknown,-,-
uncultured candidate division SAM bacterium,Unknown,-,-
uncultured candidate division SBR1093 bacterium,Unknown,-,-
uncultured candidate division SPAM bacterium,Unknown,-,-
uncultured candidate division SR1 bacterium,Unknown,-,-
uncultured candidate division WS5 bacterium,Unknown,-,-
uncultured candidate division WS6 bacterium,Unknown,-,-
uncultured Candidatus Saccharibacteria bacterium,Unknown,-,-
uncultured Carnobacterium sp.,Aerotolerant,-,-
uncultured Chitinivibrionia bacterium,Aerotolerant,-,-
uncultured Chloroflexi bacterium,Anaerobic,-,-
uncultured Chloroflexus sp.,Anaerobic,-,-
uncultured Clostridium sp.,Anaerobic,-,-
uncultured compost bacterium,Unknown,-,-
uncultured cyanobacterium,Aerotolerant,-,-
uncultured Cytophagales bacterium,Aerotolerant,-,-
uncultured deep-sea bacterium,Unknown,-,-
uncultured Dehalococcoidia bacterium,Anaerobic,-,-
uncultured delta proteobacterium,Unknown,-,-
uncultured Desulfocaldus sp.,Anaerobic,-,-
uncultured Desulfuromonadales bacterium,Anaerobic,-,-
uncultured endolithic bacterium,Unknown,-,-
uncultured Epsilonproteobacteria bacterium,Aerotolerant,-,-
uncultured Erysipelotrichaceae bacterium,Aerotolerant,-,-
uncultured Erysipelotrichia bacterium,Aerotolerant,-,-
uncultured Firmicutes bacterium,Unknown,-,-
uncultured Flavobacteriales bacterium,Aerotolerant,-,-
uncultured forest soil bacterium,Unknown,-,-
uncultured Frankineae bacterium,Aerotolerant,-,-
uncultured gamma proteobacterium,Unknown,-,-
uncultured Gemmatimonadetes bacterium,Aerotolerant,-,-
uncultured Holophaga sp.,Anaerobic,-,-
uncultured Holophagae bacterium,Anaerobic,-,-
uncultured Ignavibacterium sp.,Anaerobic,-,-
uncultured Litorilinea sp.,Aerotolerant,-,-
uncultured marine bacterium,Unknown,-,-
uncultured Microgenomates group bacterium,Unknown,-,-
uncultured microorganism,Unknown,-,-
uncultured Myxococcales bacterium,Aerotolerant,-,-
uncultured organism,Unknown,-,-
uncultured Phyllobacteriaceae bacterium,Aerotolerant,-,-
uncultured Planctomyces sp.,Aerotolerant,-,-
uncultured Planctomycetaceae bacterium,Unknown,-,-
uncultured Planctomycetales bacterium,Unknown,-,-
uncultured planctomycete,Unknown,-,-
uncultured prokaryote,Unknown,-,-
uncultured proteobacterium,Unknown,-,-
uncultured Rhizobiales bacterium,Unknown,-,-
uncultured Rhodocyclaceae bacterium,Aerotolerant,-,-
uncultured Rhodospirillaceae bacterium,Anaerobic,-,-
uncultured Rhodospirillales bacterium,Anaerobic,-,-
uncultured Roseobacter sp.,Aerotolerant,-,-
uncultured Rubrobacteraceae bacterium,Aerotolerant,-,-
uncultured Rubrobacterales bacterium,Aerotolerant,-,-
uncultured Rubrobacteria bacterium,Aerotolerant,-,-
uncultured rumen bacterium,Unknown,-,-
uncultured Saccharibacillus sp.,Aerotolerant,-,-
uncultured sludge bacterium,Unknown,-,-
uncultured sludge bacterium H5,Unknown,-,-
uncultured sludge bacterium S14,Unknown,-,-
uncultured soil bacterium,Unknown,-,-
uncultured Solirubrobacter sp.,Aerotolerant,-,-
uncultured Sphaerobacter sp.,Aerotolerant,-,-
uncultured Sphingobium sp.,Aerotolerant,-,-
uncultured Stella sp.,Unknown,-,-
uncultured Syntrophobacteraceae bacterium,Anaerobic,-,-
uncultured Syntrophobacterales bacterium,Anaerobic,-,-
uncultured Telmatobacter sp.,Anaerobic,-,-
uncultured Thermomicrobia bacterium,Unknown,-,-
uncultured verrucomicrobium DEV059,Unknown,-,-
uncultured Xanthobacteraceae bacterium,Aerotolerant,-,-
unidentified,Unassigned,-,-
Urania-1B-19 marine sediment group,Unknown,-,-
Uruburuella,Aerotolerant,-,-
Vagococcus,Aerotolerant,Correct,-
Variibacter,Aerotolerant,-,-
Variovorax,Aerotolerant,-,Correct
Veillonella,Anaerobic,-,-
Verrucomicrobium,Aerotolerant,-,-
Verticia,Aerotolerant,-,-
Vibrio,Aerotolerant,-,-
Vicinamibacter,Aerotolerant,-,Correct
Victivallis,Aerotolerant,-,-
Virgibacillus,Aerotolerant,-,-
Virgisporangium,Aerotolerant,-,-
Vitellibacter,Aerotolerant,-,-
Vitreoscilla,Aerotolerant,-,Correct
Vulcaniibacterium,Aerotolerant,-,-
Vulgatibacter,Aerotolerant,-,-
wastewater metagenome,Unassigned,-,-
Weissella,Aerotolerant,Correct,-
Williamsia,Aerotolerant,Correct,-
Woeseia,Aerotolerant,-,-
Wohlfahrtiimonas,Aerotolerant,-,-
Wolbachia,Aerotolerant,-,-
Xanthobacter,Aerotolerant,-,-
Xanthomonas,Aerotolerant,-,Correct
Xenococcus CRM,Aerotolerant,-,-
Xenorhabdus,Aerotolerant,-,-
Xylella,Aerotolerant,-,-
Yangia,Aerotolerant,-,-
Zavarzinella,Aerotolerant,-,Correct
Zeaxanthinibacter,Aerotolerant,-,-
ZOR0006,Unknown,-,-
Zymobacter,Aerotolerant,-,-