Genus,Aero,SporeForming
Uncultured bacterium,Variable,Variable
OLB8,Unknown,Unknown
Uncultured,Variable,Variable
Portibacter,Aerobic,No
Lewinella,Aerobic,No
Flavihumibacter,Aerobic,No
Chitinophaga,Aerobic,No
Flavisolibacter,Aerobic,No
Cnuella,Aerobic,No
Segetibacter,Aerobic,No
Niabella,Aerobic,No
Terrimonas,Aerobic,No
Ferruginibacter,Aerobic,No
Parafilimonas,Anaerobic,No
Niastella,Aerobic,No
Pseudoflavitalea,Aerobic,No
Flavitalea,Aerobic,No
Dinghuibacter,Aerobic,No
Filimonas,Anaerobic,No
Sediminibacterium,Aerobic,No
Haoranjiania,Aerobic,No
Taibaiella,Aerobic,No
Ambiguous_taxa,Variable,Variable
Cryomorpha,Aerobic,No
Metagenome,Variable,Variable (contains diverse organisms)
Uncultured soil bacterium,Variable,Variable
Uncultured Bacteroidetes bacterium,Anaerobic,No
Mucilaginibacter,Aerobic,No
Arcticibacter,Aerobic,No
Sphingobacterium,Aerobic,No
Nubsella,Aerobic,No
Pedobacter,Aerobic,No
Parapedobacter,Aerobic,No
Uncultured Bacteroidales bacterium,Anaerobic,No
Muribaculum,Anaerobic,No
Alloprevotella,Anaerobic,No
Prevotellaceae UCG-001,Anaerobic,No
Bacteroides,Anaerobic,No
Parabacteroides,Anaerobic,No
Candidatus Vestibaculum,Unknown,Unknown
Dysgonomonas,Anaerobic,No
Proteiniphilum,Anaerobic,No
Fermentimonas,Anaerobic,No
Porphyromonas,Anaerobic,No
Odoribacter,Anaerobic,No
Butyricimonas,Anaerobic,No
Sanguibacteroides,Anaerobic,No
Paludibacter,Anaerobic,No
Candidatus Sulcia,Unknown,Unknown
Candidatus Uzinura,Unknown,Unknown
Blattabacterium,Unknown,Unknown
Moheibacter,Aerobic,No
Cloacibacterium,Anaerobic,No
Chryseobacterium,Aerobic,No
Galbibacter,Aerobic,No
Aequorivita,Aerobic,No
Nonlabens,Aerobic,No
Vitellibacter,Aerobic,No
Formosa,Aerobic,No
Gelidibacter,Aerobic,No
Flavobacterium,Aerobic,No
Myroides,Aerobic,No
Sinomicrobium,Aerobic,No
Robertkochia,Aerobic,No
Gramella,Aerobic,No
Flavimarina,Aerobic,No
Zeaxanthinibacter,Aerobic,No
Muricauda,Aerobic,No
Robiginitalea,Aerobic,No
Pricia,Aerobic,No
Maritimimonas,Aerobic,No
Ornithobacterium,Aerobic,No
Apibacter,Aerobic,No
Empedobacter,Aerobic,No
Rikenella,Anaerobic,No
Alistipes,Anaerobic,No
Rikenellaceae RC9 gut group,Anaerobic,No
Solitalea,Aerobic,No
Lentimicrobium,Aerobic,No
Crocinitomix,Aerobic,No
Fluviicola,Aerobic,No
Uncultured Flavobacteriales bacterium,Aerobic,No
Uncultured marine bacterium,Variable,Variable
Candidatus Cardinium,Unknown,Unknown
Flectobacillus,Aerobic,No
Siphonobacter,Aerobic,No
Persicitalea,Aerobic,No
Dyadobacter,Aerobic,No
Larkinella,Aerobic,No
Fibrella,Aerobic,No
Spirosoma,Aerobic,No
Rhodocytophaga,Aerobic,No
Flexibacter,Aerobic,No
Leadbetterella,Aerobic,No
Emticicia,Aerobic,No
Hymenobacter,Aerobic,No
Algoriphagus,Aerobic,No
Uncultured Cytophagales bacterium,Aerobic,No
Tunicatimonas,Aerobic,No
Adhaeribacter,Aerobic,No
Sporocytophaga,Aerobic,No
Chryseolinea,Aerobic,No
Ohtaekwangia,Aerobic,No
Cytophaga,Aerobic,No
Uncultured Carnobacterium sp.,Facultative Anaerobic,No
Alterococcus,Facultative Anaerobic,No
Opitutus,Facultative Anaerobic,No
Lacunisphaera,Aerobic,No
Algisphaera,Aerobic,No
AKYG587,Unknown,Unknown
SM1A02,Unknown,Unknown
CL500-3,Unknown,Unknown
Urania-1B-19 marine sediment group,Unknown,Unknown
Tepidisphaera,Aerobic,No
Uncultured planctomycete,Variable,No
Planctomycetales bacterium Ellin6207,Unknown,No
Uncultured Planctomycetales bacterium,Variable,No
Uncultured candidate division SR1 bacterium,Unknown,Unknown
Candidate division SR1 bacterium MGEHA,Unknown,Unknown
Uncultured organism,Variable,Variable
Uncultured deep-sea bacterium,Variable,Variable
Uncultured Clostridium sp.,Anaerobic,Yes
Uncultured candidate division WS6 bacterium,Unknown,Unknown
Uncultured Microgenomates group bacterium,Unknown,Unknown
Uncultured bacterium GC1,Unknown,Unknown
Uncultured bacterium SBR2013,Unknown,Unknown
Soil bacterium WF55,Variable,Variable
Uncultured bacterium SBR1071,Unknown,Unknown
Candidate division TM7 bacterium LY2,Unknown,Unknown
Bacterium LWQ8,Unknown,Unknown
Uncultured cyanobacterium,Aerobic,No
Bacterium WWH38,Unknown,Unknown
Candidatus Saccharibacteria bacterium UB2523,Unknown,Unknown
Uncultured Candidatus Saccharibacteria bacterium,Unknown,Unknown
Uncultured compost bacterium,Variable,Variable
Uncultured gamma proteobacterium,Variable,No
Unidentified,Variable,Variable
Candidatus Saccharimonas,Unknown,Unknown
TM7 phylum sp. oral clone FR058,Unknown,Unknown
Candidate division TM7 bacterium JGI 0001002-L20,Unknown,Unknown
Marine metagenome,Variable,Variable (contains diverse organisms)
Thermus,Aerobic,No
Uncultured Sphingobium sp.,Aerobic,No
Uncultured bacterium SBR2096,Unknown,Unknown
Candidatus Saccharibacteria bacterium RAAC3_TM7_1,Unknown,Unknown
Uncultured candidate division WS5 bacterium,Unknown,Unknown
Wastewater metagenome,Variable,Variable (contains diverse organisms)
Meiothermus,Aerobic,No
Deinococcus,Aerobic,No
Acidothermus,Aerobic,No
Truepera,Aerobic,No
Brachyspira,Anaerobic,No
Sebaldella,Anaerobic,No
Fusobacterium,Anaerobic,No
Cetobacterium,Anaerobic,No
Endosymbionts8,Unknown,Unknown
Anaerobiospirillum,Anaerobic,No
Uncultured Planctomycetaceae bacterium,Variable,No
Thermocatellispora,Aerobic,No
Leptolyngbya ANT.L52.2,Aerobic,No
Chroococcidiopsis SAG 2023,Aerobic,No
FCPS473,Unknown,Unknown
Thermosporothrix,Aerobic,Yes
1921-2,Unknown,Unknown
Ktedonobacter,Aerobic,No
HSB OF53-F07,Unknown,Unknown
1959-1,Unknown,Unknown
Cloacibacillus,Facultative Anaerobic,Yes
Pyramidobacter,Unknown,Unknown
Myxosarcina SAG 30.84,Aerobic,No
ZOR0006,Unknown,Unknown
Holdemania,Anaerobic,No
Erysipelatoclostridium,Anaerobic,Yes
Coprobacillus,Facultative Anaerobic,Yes
Entomoplasma,Facultative Anaerobic,No
Spiroplasma,Facultative Anaerobic,No
Anaeroplasma,Anaerobic,No
Erysipelothrix,Facultative Anaerobic,No
Breznakia,Anaerobic,No
Faecalitalea,Anaerobic,No
[Clostridium] innocuum group,Anaerobic,Yes
Haloplasma,Anaerobic,No
Candidatus Bacilloplasma,Unknown,Unknown
Geomicrobium,Aerobic,No
Lactobacillus,Facultative Anaerobic,No
Pediococcus,Facultative Anaerobic,No
Weissella,Facultative Anaerobic,No
Fructobacillus,Facultative Anaerobic,No
Leuconostoc,Facultative Anaerobic,No
Anthococcus,Facultative Anaerobic,No
Streptococcus,Facultative Anaerobic,No
Lactococcus,Facultative Anaerobic,No
Lactovum,Facultative Anaerobic,No
Carnobacterium,Facultative Anaerobic,No
Lacticigenium,Facultative Anaerobic,No
Catellicoccus,Facultative Anaerobic,No
Aerosphaera,Aerobic,No
Facklamia,Facultative Anaerobic,No
Atopostipes,Facultative Anaerobic,No
Vagococcus,Facultative Anaerobic,No
Enterococcus,Facultative Anaerobic,No
Jeotgalibaca,Aerobic,No
Sinobaca,Aerobic,No
Marinococcus,Aerobic,No
Salimicrobium,Aerobic,No
Halobacillus,Aerobic,Yes
Terribacillus,Aerobic,Yes
Anaerobacillus,Anaerobic,Yes
Oceanobacillus,Aerobic,Yes
Halalkalibacillus,Aerobic,Yes
Pseudogracilibacillus,Aerobic,Yes
Gracilibacillus,Aerobic,Yes
Amphibacillus,Aerobic,Yes
Listeria,Facultative Anaerobic,No
Domibacillus,Aerobic,Yes
Virgibacillus,Aerobic,Yes
Geobacillus,Aerobic,Yes
Anoxybacillus,Aerobic,Yes
Sporosarcina,Facultative Anaerobic,Yes
Salipaludibacillus,Aerobic,Yes
Thermicanus,Aerobic,Yes
Savagea,Aerobic,Yes
Lysinibacillus,Aerobic,Yes
Rummeliibacillus,Aerobic,Yes
Kurthia,Aerobic,No
Solibacillus,Aerobic,Yes
Bacillus,Aerobic,Yes
Turicibacter,Facultative Anaerobic,No
Gemella,Facultative Anaerobic,No
Staphylococcus,Facultative Anaerobic,No
Jeotgalicoccus,Aerobic,No
Corticicoccus,Aerobic,No
Salinicoccus,Aerobic,No
Bhargavaea,Aerobic,No
Ammoniphilus,Aerobic,No
Oxalophagus,Aerobic,No
Brevibacillus,Aerobic,Yes
Cohnella,Aerobic,Yes
Thermobacillus,Aerobic,Yes
Paenibacillus,Aerobic,Yes
Saccharibacillus,Aerobic,Yes
Pasteuria,Aerobic,No
Baia,Aerobic,No
Gallicola,Aerobic,No
Anaerococcus,Anaerobic,No
Peptoniphilus,Anaerobic,No
Tissierella,Anaerobic,No
Gottschalkia,Anaerobic,No
Clostridiisalibacter,Anaerobic,Yes
Sedimentibacter,Anaerobic,No
Family XIII UCG-001,Anaerobic,No
Anaerovorax,Anaerobic,No
[Eubacterium] nodatum group,Anaerobic,No
Family XIII AD3011 group,Anaerobic,No
[Eubacterium] brachy group,Anaerobic,No
Anaerosolibacter,Anaerobic,No
Sporacetigenium,Anaerobic,Yes
Clostridioides,Anaerobic,Yes
Intestinibacter,Anaerobic,No
Peptoclostridium,Anaerobic,Yes
Terrisporobacter,Anaerobic,Yes
Romboutsia,Anaerobic,Yes
Paraclostridium,Anaerobic,Yes
Paeniclostridium,Anaerobic,Yes
Proteiniborus,Anaerobic,Yes
Alkaliphilus,Aerobic,No
Ruminococcaceae UCG-014,Anaerobic,No
Acholeplasma,Facultative Anaerobic,No
Uncultured Firmicutes bacterium,Variable,Variable
Uncultured Erysipelotrichia bacterium,Facultative Anaerobic,No
Uncultured Erysipelotrichaceae bacterium,Facultative Anaerobic,No
Candidatus Dichloromethanomonas,Anaerobic,No
Defluviitaleaceae UCG-011,Anaerobic,No
Christensenellaceae R-7 group,Anaerobic,No
Christensenella,Anaerobic,No
Catabacter,Anaerobic,No
Candidatus Arthromitus,Unknown,Unknown
Clostridium sensu stricto 12,Anaerobic,Yes
Clostridium sensu stricto 10,Anaerobic,Yes
Hathewaya,Anaerobic,Yes
Clostridium sensu stricto 13,Anaerobic,Yes
Clostridium sensu stricto 18,Anaerobic,Yes
Clostridium sensu stricto 11,Anaerobic,Yes
Clostridium sensu stricto 2,Anaerobic,Yes
Clostridium sensu stricto 6,Anaerobic,Yes
Sarcina,Facultative Anaerobic,Yes
Clostridium sensu stricto 5,Anaerobic,Yes
Clostridium sensu stricto 1,Anaerobic,Yes
Clostridium sensu stricto 8,Anaerobic,Yes
Clostridium sensu stricto 3,Anaerobic,Yes
Fonticella,Anaerobic,Yes
Lutispora,Anaerobic,Yes
Uncultured prokaryote,Variable,Variable
Cellulosilyticum,Anaerobic,No
Tyzzerella 3,Anaerobic,No
Tyzzerella,Anaerobic,No
Lachnospiraceae UCG-010,Anaerobic,No
Epulopiscium,Anaerobic,No
Mobilitalea,Anaerobic,No
Lachnoclostridium 12,Anaerobic,Yes
Anaerobium,Anaerobic,No
[Eubacterium] xylanophilum group,Anaerobic,No
Herbinix,Anaerobic,No
Lachnospira,Anaerobic,No
Lachnoclostridium 10,Anaerobic,Yes
Anaerosporobacter,Anaerobic,Yes
Anaerostipes,Anaerobic,No
Lachnotalea,Anaerobic,No
GCA-900066575,Anaerobic,No
Lachnospiraceae UCG-008,Anaerobic,No
Roseburia,Anaerobic,No
A2,Anaerobic,No
Lachnospiraceae UCG-007,Anaerobic,No
Eisenbergiella,Anaerobic,No
Lachnospiraceae UCG-009,Anaerobic,No
Anaerocolumna,Anaerobic,No
Hungatella,Anaerobic,No
Lachnospiraceae NK4A136 group,Anaerobic,No
Lachnoclostridium,Anaerobic,Yes
Coprococcus 3,Anaerobic,No
Lactonifactor,Anaerobic,No
Tyzzerella 4,Anaerobic,No
[Eubacterium] fissicatena group,Anaerobic,No
Lachnospiraceae UCG-006,Anaerobic,No
[Ruminococcus] torques group,Anaerobic,No
Robinsoniella,Anaerobic,No
Dorea,Anaerobic,No
Moryella,Anaerobic,No
Blautia,Anaerobic,No
Murimonas,Anaerobic,No
Marvinbryantia,Anaerobic,No
Sellimonas,Anaerobic,No
Incertae Sedis,Variable,Variable
Lachnoclostridium 5,Anaerobic,Yes
Ruminococcaceae UCG-010,Anaerobic,No
Candidatus Soleaferrea,Anaerobic,No
Ruminococcus 1,Anaerobic,No
Ruminiclostridium,Anaerobic,Yes
GCA-900066225,Anaerobic,No
Subdoligranulum,Anaerobic,No
UBA1819,Anaerobic,No
Fournierella,Anaerobic,No
Pygmaiobacter,Anaerobic,No
Anaerofilum,Anaerobic,No
Hydrogenoanaerobacterium,Anaerobic,No
Anaerotruncus,Anaerobic,No
[Eubacterium] coprostanoligenes group,Anaerobic,No
Caproiciproducens,Anaerobic,No
DTU089,Anaerobic,No
Ruminiclostridium 5,Anaerobic,Yes
Ruminiclostridium 1,Anaerobic,Yes
Papillibacter,Anaerobic,No
Ruminococcaceae UCG-005,Anaerobic,No
Oscillibacter,Anaerobic,No
Ruminococcaceae NK4A214 group,Anaerobic,No
Intestinimonas,Anaerobic,No
Ruminiclostridium 9,Anaerobic,Yes
Ruminococcaceae V9D2013 group,Anaerobic,No
Butyricicoccus,Anaerobic,No
Ruminococcaceae UCG-008,Anaerobic,No
Ruminococcaceae UCG-009,Anaerobic,No
Ruminococcaceae UCG-013,Anaerobic,No
Ruminococcaceae UCG-012,Anaerobic,No
Hydrogenispora,Anaerobic,No
Acidaminococcus,Anaerobic,No
Phascolarctobacterium,Anaerobic,No
Megamonas,Anaerobic,No
Anaerovibrio,Anaerobic,No
Anaerosinus,Anaerobic,No
Veillonella,Anaerobic,No
Negativicoccus,Anaerobic,No
Sporomusa,Anaerobic,No
Dendrosporobacter,Anaerobic,Yes
Peptococcus,Anaerobic,No
Desulfotomaculum,Anaerobic,Yes
JdFR-76,Unknown,Unknown
IheB3-7,Unknown,Unknown
Uncultured Ignavibacterium sp.,Anaerobic,No
Aliifodinibius,Anaerobic,No
Rubrivirga,Anaerobic,No
Longimonas,Anaerobic,No
Eubacterium,Anaerobic,No
Anaerofustis,Anaerobic,No
Tumebacillus,Aerobic,Yes
Nitrospira,Aerobic,No
Candidatus Rokubacteria bacterium CSP1-6,Unknown,Unknown
Uncultured candidate division SPAM bacterium,Unknown,Unknown
Telmatocola,Aerobic,No
Gemmata,Aerobic,No
Fimbriiglobus,Aerobic,No
Zavarzinella,Aerobic,No
Singulisphaera,Aerobic,No
Isosphaera,Aerobic,No
Paludisphaera,Aerobic,No
Aquisphaera,Aerobic,No
Gloeocapsa PCC-7428,Aerobic,No
p-1088-a5 gut group,Anaerobic,No
Termite planctomycete cluster,Unknown,Unknown
CPla-4 termite group,Unknown,Unknown
Pir3 lineage,Aerobic,No
Rhodopirellula,Aerobic,No
Rubripirellula,Aerobic,No
Roseimaritima,Aerobic,No
Blastopirellula,Aerobic,No
Pirellula,Aerobic,No
Candidatus Anammoximicrobium,Anaerobic,No
Bythopirellula,Aerobic,No
Pir4 lineage,Aerobic,No
Schlesneria,Aerobic,No
Gimesia,Aerobic,No
Planctopirus,Aerobic,No
SH-PL14,Unknown,Unknown
Planctomicrobium,Aerobic,No
Planctomycetaceae bacterium Bac131,Unknown,No
Uncultured Planctomyces sp.,Aerobic,No
Rubinisphaera,Aerobic,No
bacterium WX65,Unknown,Unknown
Uncultured Acidobacteria bacterium,Variable,No
Stenotrophobacter,Aerobic,No
Aridibacter,Aerobic,No
Blastocatella,Aerobic,No
OLB17,Unknown,Unknown
JGI 0001001-H03,Unknown,Unknown
RB41,Unknown,Unknown
Uncultured Acidobacterium sp.,Variable,No
Uncultured Acidobacteriales bacterium,Variable,No
Uncultured verrucomicrobium DEV059,Unknown,Unknown
ADurb.Bin063-1,Unknown,Unknown
SCGC AAA164-E04,Unknown,Unknown
Terrimicrobium,Aerobic,No
Candidatus Udaeobacter,Unknown,Unknown
Candidatus Xiphinematobacter,Unknown,Unknown
LD29,Unknown,Unknown
Chthoniobacter,Aerobic,No
Roseimicrobium,Aerobic,No
Verrucomicrobium,Aerobic,No
Akkermansia,Anaerobic,No
Prosthecobacter,Aerobic,No
Haloferula,Aerobic,No
Luteolibacter,Aerobic,No
Roseibacillus,Aerobic,Yes
Uncultured bacterium gp6,Unknown,Unknown
Uncultured proteobacterium,Variable,Variable
Uncultured beta proteobacterium,Variable,No
Uncultured Holophagae bacterium,Anaerobic,No
Uncultured Saccharibacillus sp.,Aerobic,Yes
Vicinamibacter,Aerobic,No
Uncultured bacterium 259,Unknown,Unknown
Uncultured Anaeromyxobacter sp.,Aerobic,No
Uncultured Holophaga sp.,Anaerobic,No
Luteitalea,Aerobic,No
Uncultured microorganism,Variable,Variable
Uncultured Telmatobacter sp.,Anaerobic,No
Uncultured Desulfocaldus sp.,Anaerobic,No
Uncultured forest soil bacterium,Variable,Variable
Subgroup 10,Unknown,Unknown
Uncultured Desulfuromonadales bacterium,Anaerobic,No
Gemmatirosa,Aerobic,No
Gemmatimonas,Aerobic,No
Longimicrobium,Aerobic,No
Uncultured Chitinivibrionia bacterium,Aerobic,No
Uncultured Gemmatimonadetes bacterium,Aerobic,No
Candidatus Entotheonella,Unknown,Unknown
Elusimicrobium,Aerobic,No
Candidatus Solibacter,Aerobic,No
Paludibaculum,Aerobic,No
Bryobacter,Aerobic,No
Candidatus Koribacter,Aerobic,No
Granulicella,Aerobic,No
Chroococcidiopsis PCC 7203,Aerobic,No
Chthonomonas,Aerobic,No
Uncultured actinobacterium,Variable,Variable
Uncultured Armatimonadetes bacterium,Aerobic,No
Motilibacter,Aerobic,No
Streptomyces,Aerobic,Yes
Pseudokineococcus,Aerobic,No
Haloactinopolyspora,Aerobic,No
Jiangella,Aerobic,No
Gardnerella,Anaerobic,No
Bifidobacterium,Anaerobic,No
Aquipuribacter,Aerobic,No
Actinopolyspora,Aerobic,No
Actinoalloteichus,Aerobic,No
Cryptosporangium,Aerobic,No
Fodinicola,Aerobic,No
Nakamurella,Aerobic,No
Uncultured Frankineae bacterium,Aerobic,No
Quadrisphaera,Aerobic,No
Georgenia,Aerobic,No
Angustibacter,Anaerobic,No
Kineosporia,Aerobic,No
Kineococcus,Aerobic,No
Jatrophihabitans,Aerobic,No
Segniliparus,Aerobic,No
Corynebacterium 1,Facultative Anaerobic,No
Corynebacterium,Facultative Anaerobic,No
Hoyosella,Aerobic,No
Smaragdicoccus,Aerobic,No
Mycobacterium,Aerobic,No
Tomitella,Aerobic,No
Rhodococcus,Aerobic,No
Nocardia,Aerobic,No
Skermania,Aerobic,No
Tsukamurella,Aerobic,No
Dietzia,Aerobic,No
Lawsonella,Aerobic,No
Gordonia,Aerobic,No
Williamsia,Aerobic,No
Modestobacter,Aerobic,No
Geodermatophilus,Aerobic,No
Blastococcus,Aerobic,No
Crossiella,Aerobic,No
Antricoccus,Aerobic,No
Actinotalea,Aerobic,No
Cellulomonas,Aerobic,No
Sanguibacter,Aerobic,No
Ruania,Aerobic,No
Cellulosimicrobium,Aerobic,No
Isoptericola,Aerobic,No
Serinibacter,Aerobic,No
Salana,Aerobic,No
Miniimonas,Aerobic,No
Rathayibacter,Aerobic,No
Gryllotalpicola,Aerobic,No
Humibacter,Aerobic,No
Agromyces,Aerobic,No
Amnibacterium,Aerobic,No
Curtobacterium,Aerobic,No
Agrococcus,Aerobic,No
Leifsonia,Aerobic,No
Microbacterium,Aerobic,No
Mycetocola,Aerobic,No
Gulosibacter,Aerobic,No
Pseudoclavibacter,Aerobic,No
Bogoriella,Aerobic,No
Leucobacter,Aerobic,No
Galbitalea,Aerobic,No
Frigoribacterium,Aerobic,No
Pseudactinotalea,Aerobic,No
Haloactinobacterium,Aerobic,No
Huakuichenia,Aerobic,No
Lysinimicrobium,Aerobic,No
Demequina,Aerobic,No
Sediminivirga,Aerobic,No
Brevibacterium,Aerobic,No
Virgisporangium,Aerobic,No
Hamadaea,Aerobic,No
Rhizocola,Aerobic,No
Actinoplanes,Aerobic,No
Catellatospora,Aerobic,No
Micromonospora,Aerobic,No
Phytohabitans,Aerobic,No
Luedemannella,Aerobic,No
Dactylosporangium,Aerobic,No
Asanoa,Aerobic,No
Longispora,Aerobic,No
Sporichthya,Aerobic,No
Actinospica,Aerobic,No
Dermacoccus,Aerobic,No
Tetrasphaera,Aerobic,No
Phycicoccus,Aerobic,No
Mobilicoccus,Aerobic,No
Arsenicicoccus,Aerobic,No
Dermatophilus,Aerobic,No
Ornithinimicrobium,Aerobic,No
Ornithinicoccus,Aerobic,No
Flexivirga,Aerobic,No
Brachybacterium,Aerobic,No
Promicromonospora,Aerobic,No
Rothia,Aerobic,No
Nesterenkonia,Aerobic,No
Enteractinococcus,Facultative Anaerobic,No
Sinomonas,Aerobic,No
Kocuria,Aerobic,No
Timonella,Aerobic,No
Glutamicibacter,Aerobic,No
Arthrobacter,Aerobic,No
Haematomicrobium,Aerobic,No
Jonesia,Aerobic,No
Actinomyces,Anaerobic,No
Actinokineospora,Aerobic,No
Actinophytocola,Aerobic,No
Sciscionella,Aerobic,No
Lechevalieria,Aerobic,No
Saccharothrix,Aerobic,No
Amycolatopsis,Aerobic,No
Kibdelosporangium,Aerobic,No
Pseudonocardia,Aerobic,No
Prauserella,Aerobic,No
Actinomycetospora,Aerobic,No
Saccharopolyspora,Aerobic,No
Stackebrandtia,Aerobic,No
Glycomyces,Aerobic,No
Actinocatenispora,Aerobic,No
Chlorogloeopsis PCC-7518,Aerobic,No
Streptosporangium,Aerobic,No
Actinomadura,Aerobic,No
Actinocorallia,Aerobic,No
Mastigocladopsis PCC-10914,Aerobic,No
Sphaerisporangium,Aerobic,No
Nonomuraea,Aerobic,No
Actinoallomurus,Aerobic,No
Marinilutecoccus,Aerobic,No
Luteococcus,Aerobic,No
Propioniciclava,Aerobic,No
Friedmanniella,Aerobic,No
Microlunatus,Aerobic,No
Micropruina,Aerobic,No
Propionicicella,Aerobic,No
Cutibacterium,Facultative Anaerobic,No
Acidipropionibacterium,Anaerobic,No
Tessaracoccus,Aerobic,No
Pseudopropionibacterium,Aerobic,No
Aestuariimicrobium,Aerobic,No
Brooklawnia,Aerobic,No
Mumia,Aerobic,No
Aeromicrobium,Aerobic,No
Marmoricola,Aerobic,No
Nocardioides,Aerobic,No
Kribbella,Aerobic,No
Actinopolymorpha,Aerobic,No
Flindersiella,Aerobic,No
Nocardiopsis,Aerobic,No
Haloactinospora,Aerobic,No
Uncultured Actinomycetales bacterium,Variable,Variable
Ilumatobacter,Aerobic,No
CL500-29 marine group,Unknown,Unknown
Sva0996 marine group,Unknown,Unknown
bacterium YC-ZSS-LKJ66,Unknown,Unknown
Uncultured Acidimicrobidae bacterium,Aerobic,No
IMCC26207,Unknown,Unknown
actinobacterium BGR 88,Unknown,Unknown
Iamia,Aerobic,No
Candidatus Actinomarina,Unknown,Unknown
Euzebya,Aerobic,No
Armatimonas,Aerobic,No
Gaiella sp. EBR4-RS1,Aerobic,No
Solirubrobacter,Aerobic,No
Patulibacter,Aerobic,No
Uncultured Rubrobacteraceae bacterium,Aerobic,No
bacterium YC-ZSS-LKJ159,Unknown,Unknown
Uncultured Rubrobacteria bacterium,Aerobic,No
Conexibacter,Aerobic,No
Parviterribacter,Aerobic,No
JCM 18997,Unknown,Unknown
Gaiella,Aerobic,No
Uncultured Rubrobacterales bacterium,Aerobic,No
Uncultured Solirubrobacter sp.,Aerobic,No
Rubrobacter,Aerobic,No
Raoultibacter,Aerobic,No
Eggerthella,Anaerobic,No
Slackia,Aerobic,No
Paraeggerthella,Anaerobic,No
CHKCI002,Unknown,Unknown
Enterorhabdus,Anaerobic,No
Gordonibacter,Aerobic,No
Atopobium,Anaerobic,No
Coriobacteriaceae UCG-002,Anaerobic,No
Collinsella,Anaerobic,No
Nitriliruptor,Aerobic,No
Uncultured candidate division SAM bacterium,Unknown,Unknown
bacterium Ellin6529,Unknown,Unknown
Nostoc PCC-73102,Aerobic,No
bacterium Ellin6543,Unknown,Unknown
Uncultured Dehalococcoidia bacterium,Anaerobic,No
Tolypothrix PCC-7601,Aerobic,No
Uncultured Caldilineaceae bacterium,Unknown,Unknown
Uncultured Caldilineae bacterium,Unknown,Unknown
Uncultured Litorilinea sp.,Aerobic,No
Litorilinea,Aerobic,No
Uncultured sludge bacterium H5,Unknown,Unknown
Uncultured Anaerolineae bacterium,Anaerobic,No
OLB13,Unknown,Unknown
Uncultured Anaerolineaceae bacterium,Anaerobic,No
Uncultured sludge bacterium S14,Unknown,Unknown
OLB15,Unknown,Unknown
Uncultured endolithic bacterium,Variable,Variable
Scytonema UTEX 2349,Aerobic,No
Scytonema VB-61278,Aerobic,No
Scytonema PCC-7110,Aerobic,No
Synechococcus PCC-7902,Aerobic,No
Synechococcus CC9902,Aerobic,No
FFCH7168,Unknown,Unknown
Cyanobium PCC-6307,Aerobic,No
Uncultured Thermomicrobia bacterium,Unknown,Unknown
bacterium Ellin6537,Unknown,Unknown
Paraburkholderia tropica,Aerobic,No
Uncultured anaerobic ammonium-oxidizing bacterium,Anaerobic,No
Nitrolancea,Aerobic,No
Sphaerobacter,Aerobic,No
Uncultured Sphaerobacter sp.,Aerobic,No
Candidatus Tremblaya,Unknown,Unknown
Uncultured candidate division SBR1093 bacterium,Unknown,Unknown
EcFYyy-200,Unknown,Unknown
Chroococcidiopsis PCC-6712,Aerobic,No
Symplocastrum CPER-KK1,Aerobic,No
Loriellopsis LF-B5,Aerobic,No
Synechococcus IR11,Aerobic,No
Phormidium IAM M-71,Aerobic,No
Synechocystis BDHKU-20401,Aerobic,No
Xenococcus CRM,Aerobic,No
Stanieria PCC-7437,Aerobic,No
Foliisarcina CENA333,Aerobic,No
Myxosarcina GI1,Aerobic,No
Pleurocapsa PCC-7319,Aerobic,No
Leptolyngbya PCC-6306,Aerobic,No
Leptolyngbya Es-Yyy1000,Aerobic,No
Chalicogloea CCALA 975,Aerobic,No
Pleurocapsa PCC-7327,Aerobic,No
Herbaspirillum,Aerobic,No
Noviherbaspirillum,Aerobic,No
Arcobacter,Aerobic,No
Campylobacter,Aerobic,No
Helicobacter,Aerobic,No
Azospirillum,Aerobic,No
Acidiphilium,Aerobic,No
Acidicaldus,Aerobic,No
Spirochaeta 2,Anaerobic,No
Treponema,Anaerobic,No
Termite Treponema cluster,Anaerobic,No
Mucispirillum,Anaerobic,No
Candidatus Nostocoida,Anaerobic,No
MIZ36,Unknown,Unknown
Uncultured Chloroflexi bacterium,Anaerobic,No
Chloroflexi bacterium JEA33,Anaerobic,No
Uncultured Chloroflexus sp.,Anaerobic,No
Uncultured rumen bacterium,Variable,Variable
Uncultured bacterium mle1-12,Unknown,Unknown
Kouleothrix,Anaerobic,No
OM27 clade,Unknown,Unknown
Uncultured bacterium SJP-3,Unknown,Unknown
Victivallis,Aerobic,No
Candidatus Omnitrophus,Unknown,Unknown
Uncultured Roseobacter sp.,Aerobic,No
Uncultured Syntrophobacteraceae bacterium,Anaerobic,No
bacterium enrichment culture clone auto112_4W,Unknown,Unknown
Thiobaca,Aerobic,No
Roseiflexus,Anaerobic,No
Chloronema,Anaerobic,No
Candidatus Competibacter,Unknown,Unknown
Fontimonas,Aerobic,No
Panacagrimonas,Aerobic,No
Salinisphaera,Aerobic,No
Candidatus Berkiella,Unknown,Unknown
Coxiella,Aerobic,No
Aquicella,Aerobic,No
Rickettsiella,Aerobic,No
Diplorickettsia,Aerobic,No
Legionella,Aerobic,No
Candidatus Ovatusbacter,Unknown,Unknown
C1-B045,Unknown,Unknown
Microbulbifer,Aerobic,No
Marinobacter,Aerobic,No
SAR92 clade,Aerobic,No
Pseudomonas,Aerobic,No
Halovibrio,Aerobic,No
Halomonas,Aerobic,No
Salinicola,Aerobic,No
Candidatus Portiera,Unknown,Unknown
Carnimonas,Aerobic,No
Zymobacter,Aerobic,No
Kushneria,Aerobic,No
Marinimicrobium,Aerobic,No
Cellvibrio,Aerobic,No
Marinagarivorans,Aerobic,No
Woeseia,Aerobic,No
Sinobacterium,Aerobic,No
Nitrosococcus,Aerobic,No
Thiodictyon,Aerobic,No
Arhodomonas,Aerobic,No
JTB255 marine benthic group,Unknown,Unknown
Ignatzschineria,Aerobic,No
Wohlfahrtiimonas,Aerobic,No
Koukoulia,Aerobic,No
Thiothrix,Aerobic,No
Methylophaga,Aerobic,No
Steroidobacter,Aerobic,No
Uncultured sludge bacterium,Variable,Variable
Acidibacter,Aerobic,No
Suttonella,Aerobic,No
SZB85,Unknown,Unknown
Candidatus Tenderia,Unknown,Unknown
3PJM14,Unknown,Unknown
Alishewanella,Aerobic,No
Rheinheimera,Aerobic,No
BIyi10,Unknown,Unknown
OM60(NOR5) clade,Unknown,Unknown
BD1-7 clade,Unknown,Unknown
Alkanindiges,Aerobic,No
Acinetobacter,Aerobic,No
Moraxella,Aerobic,No
Enhydrobacter,Aerobic,No
Psychrobacter,Aerobic,No
endosymbionts6,Unknown,Unknown
Candidatus Moranella,Unknown,Unknown
Candidatus Rosenkranzia,Unknown,Unknown
Candidatus Blochmannia,Unknown,Unknown
Shewanella,Facultative Anaerobic,No
Pseudoalteromonas,Aerobic,No
Idiomarina,Aerobic,No
Enterovibrio,Facultative Anaerobic,No
Photobacterium,Facultative Anaerobic,No
Vibrio,Facultative Anaerobic,No
Oceanimonas,Aerobic,No
Oceanisphaera,Aerobic,No
Aeromonas,Facultative Anaerobic,No
Glaciecola,Aerobic,No
Alteromonas,Aerobic,No
Sodalis,Facultative Anaerobic,No
Kosakonia,Facultative Anaerobic,No
Serratia,Facultative Anaerobic,No
Mangrovibacter,Aerobic,No
Escherichia-Shigella,Facultative Anaerobic,No
Pantoea,Facultative Anaerobic,No
Trabulsiella,Facultative Anaerobic,No
Orbus,Aerobic,No
Gilliamella,Aerobic,No
Arsenophonus,Facultative Anaerobic,No
Haemophilus,Facultative Anaerobic,No
Actinobacillus,Facultative Anaerobic,No
Chelonobacter,Aerobic,No
Providencia,Facultative Anaerobic,No
Proteus,Facultative Anaerobic,No
Morganella,Facultative Anaerobic,No
Xenorhabdus,Facultative Anaerobic,No
Pectobacterium,Facultative Anaerobic,No
Pragia,Facultative Anaerobic,No
Psychromonas,Aerobic,No
C39,Unknown,Unknown
Achromobacter,Aerobic,No
Verticia,Aerobic,No
GKS98 freshwater group,Unknown,Unknown
Candidatus Kinetoplastibacterium,Unknown,Unknown
Bordetella,Aerobic,No
Eoetvoesia,Aerobic,No
Castellaniella,Aerobic,No
Alcaligenes,Aerobic,No
Parapusillimonas,Aerobic,No
Pusillimonas,Aerobic,No
Oligella,Aerobic,No
Paenalcaligenes,Aerobic,No
Aquitalea,Aerobic,No
Candidatus Chloroploca,Anaerobic,No
Oscillochloris,Anaerobic,No
Ralstonia,Aerobic,No
Oxalobacter,Anaerobic,No
Limnobacter,Aerobic,No
Parasutterella,Aerobic,No
Sutterella,Anaerobic,No
Lautropia,Aerobic,No
Vitreoscilla,Aerobic,No
Eikenella,Facultative Anaerobic,No
Uruburuella,Aerobic,No
Snodgrassella,Unknown,Unknown
Chitinimonas,Aerobic,No
Uncultured Alcaligenaceae bacterium,Aerobic,No
Nitrosomonas,Aerobic,No
Uncultured Rhodocyclaceae bacterium,Aerobic,No
MND1,Unknown,Unknown
IS-44,Unknown,Unknown
Burkholderia-Caballeronia-Paraburkholderia,Aerobic,No
Pandoraea,Aerobic,No
mle1-7,Unknown,Unknown
Tepidimonas,Aerobic,No
Alicycliphilus,Aerobic,No
Comamonas,Aerobic,No
Inhella,Aerobic,No
Thauera,Anaerobic,No
Uliginosibacterium,Aerobic,No
Methyloversatilis,Aerobic,No
Dechloromonas,Anaerobic,No
Azoarcus,Anaerobic,No
Azospira,Anaerobic,No
Cupriavidus,Aerobic,No
Massilia,Aerobic,No
Hydrogenophaga,Aerobic,No
Rhizobacter,Aerobic,No
Aquabacterium,Aerobic,No
Ramlibacter,Aerobic,No
Curvibacter,Aerobic,No
Variovorax,Aerobic,No
Caenimonas,Aerobic,No
Delftia,Aerobic,No
Lampropedia,Aerobic,No
Ellin6067,Unknown,Unknown
Luteibacter,Aerobic,No
Tahibacter,Aerobic,No
Dyella,Aerobic,No
Arenimonas,Aerobic,No
Rhodanobacter,Aerobic,No
Rudaea,Aerobic,No
Dokdonella,Aerobic,No
Mizugakiibacter,Aerobic,No
Chujaibacter,Aerobic,No
Pseudofulvimonas,Aerobic,No
Luteimonas,Aerobic,No
Thermomonas,Aerobic,No
Xylella,Aerobic,No
Pseudoxanthomonas,Aerobic,No
Stenotrophomonas,Aerobic,No
Xanthomonas,Aerobic,No
Lysobacter,Aerobic,No
Vulcaniibacterium,Aerobic,No
Herpetosiphon,Anaerobic,No
Lamprocystis,Anaerobic,No
Allochromatium,Anaerobic,No
Sulfurovum,Aerobic,No
Bilophila,Anaerobic,No
Desulfovibrio,Anaerobic,No
Phenylobacterium,Aerobic,No
Brevundimonas,Aerobic,No
Caulobacter,Aerobic,No
PMMR1,Unknown,Unknown
Asticcacaulis,Aerobic,No
Tagaea,Aerobic,No
Candidatus Jidaibacter,Unknown,Unknown
MD3-55,Unknown,Unknown
Bdellovibrio,Aerobic,No
Syntrophobacter,Anaerobic,No
Uncultured Archangiaceae bacterium,Aerobic,No
Cystobacter,Aerobic,No
Myxococcus,Aerobic,No
Vulgatibacter,Aerobic,No
Anaeromyxobacter,Aerobic,No
Uncultured delta proteobacterium,Variable,Variable
Sandaracinus,Aerobic,No
Uncultured bacterium mle1-27,Unknown,Unknown
Pajaroellobacter,Aerobic,No
Minicystis,Aerobic,No
Polyangium,Aerobic,No
Sorangium,Aerobic,No
Chondromyces,Aerobic,No
Phaselicystis,Aerobic,No
Nannocystis,Aerobic,No
Pseudenhygromyxa,Aerobic,No
Haliangium,Aerobic,No
Uncultured Myxococcales bacterium,Aerobic,No
Uncultured Epsilonproteobacteria bacterium,Facultative Anaerobic,No
Silvanigrella,Aerobic,No
Peredibacter,Aerobic,No
Halobacteriovorax,Aerobic,No
Halodesulfovibrio,Anaerobic,No
Sva0081 sediment group,Unknown,Unknown
Desulfatiferula,Anaerobic,No
Uncultured Syntrophobacterales bacterium,Anaerobic,No
Wolbachia,Facultative Anaerobic,No
Uncultured Acetobacteraceae bacterium,Aerobic,No
AT-s3-44,Unknown,Unknown
Ferrovibrio,Aerobic,No
Constrictibacter,Aerobic,No
Skermanella,Aerobic,No
Rickettsia,Facultative Anaerobic,No
Defluviicoccus,Aerobic,No
Limibacillus,Aerobic,Yes
Pelagibius,Aerobic,No
Candidatus Bealeia,Unknown,Unknown
Candidatus Paracaedibacter,Unknown,Unknown
Candidatus Finniella,Unknown,Unknown
Candidatus Alysiosphaera,Unknown,Unknown
Geminicoccus,Aerobic,No
Reyranella,Aerobic,No
Uncultured Stella sp.,Unknown,Unknown
Dongia,Aerobic,No
Belnapia,Aerobic,No
Muricoccus,Aerobic,No
Roseomonas,Aerobic,No
Rubritepida,Aerobic,No
Rhodovarius,Aerobic,No
Craurococcus,Aerobic,No
Rhodovastum,Aerobic,No
Endobacter,Aerobic,No
Bartonella,Facultative Anaerobic,No
Blattella germanica (German cockroach),Not applicable,Not applicable
Saccharibacter,Aerobic,No
Gluconobacter,Aerobic,No
Tanticharoenia,Aerobic,No
Swaminathania,Aerobic,No
Commensalibacter,Aerobic,No
Asaia,Aerobic,No
Acetobacter,Aerobic,No
Hyaloperonospora arabidopsidis,Not applicable,Not applicable
Oligoflexus,Anaerobic,No
MN 122.2a,Unknown,Unknown
Sphingosinicella,Aerobic,No
Ellin6055,Unknown,Unknown
Polymorphobacter,Aerobic,No
Sphingoaurantiacus,Aerobic,No
Sphingomonas,Aerobic,No
Hephaestia,Aerobic,No
Sphingobium,Aerobic,No
Sandaracinobacter,Aerobic,No
Altererythrobacter,Aerobic,No
Erythrobacter,Aerobic,No
Erythrobacter sp. HME6855,Aerobic,No
Qipengyuania,Aerobic,No
Sphingorhabdus,Aerobic,No
Sphingopyxis,Aerobic,No
Croceicoccus,Aerobic,No
Novosphingobium,Aerobic,No
Blastomonas,Aerobic,No
Parasphingopyxis,Aerobic,No
Rhizorhapis,Aerobic,No
Uncultured Phyllobacteriaceae bacterium,Aerobic,No
Amphiplicatus,Aerobic,No
Pararhodospirillum,Anaerobic,No
Candidatus Megaira,Unknown,Unknown
Uncultured Rhodospirillales bacterium,Anaerobic,No
Hellea,Aerobic,No
Hirschia,Aerobic,No
Chthonobacter,Aerobic,No
Methyloligella,Aerobic,No
Methyloceanibacter,Aerobic,No
Agaricicola,Aerobic,No
Acuticoccus,Aerobic,No
Afifella,Aerobic,No
Uncultured Rhizobiales bacterium,Variable,Variable
alphaI cluster,Unknown,Unknown
Bosea,Aerobic,No
Labrys,Aerobic,No
SWB02,Unknown,Unknown
bacterium enrichment culture clone Anammox_49,Anaerobic,No
Uncultured Xanthobacteraceae bacterium,Aerobic,No
Uncultured Rhodospirillaceae bacterium,Anaerobic,No
Paenochrobactrum,Aerobic,No
Pseudoxanthobacter,Aerobic,No
Bauldia,Aerobic,No
Kaistia,Aerobic,No
Uncultured Bradyrhizobiaceae bacterium,Variable,Variable
Rhodoplanes,Aerobic,No
Pseudorhodoplanes,Aerobic,No
Pseudolabrys,Aerobic,No
Variibacter,Aerobic,No
Starkeya,Aerobic,No
Ancylobacter,Aerobic,No
Xanthobacter,Aerobic,No
Rhodoligotrophos,Aerobic,No
Phreatobacter,Aerobic,No
Rhodomicrobium,Facultative Anaerobic,No
Devosia,Aerobic,No
Pelagibacterium,Aerobic,No
Nordella,Aerobic,No
Hyphomicrobium,Aerobic,No
Pedomicrobium,Aerobic,No
Aliihoeflea,Aerobic,No
Pleomorphomonas,Aerobic,No
Stappia,Aerobic,No
Roseobacter clade CHAB-I-5 lineage,Aerobic,No
Actibacterium,Aerobic,No
Palleronia,Aerobic,No
Phyllobacterium,Aerobic,No
Thioclava,Aerobic,No
Jannaschia,Aerobic,No
Rubellimicrobium,Aerobic,No
Hoeflea,Aerobic,No
Tepidamorphus,Aerobic,No
Pseudovibrio,Aerobic,No
Aminobacter,Aerobic,No
Nitratireductor,Aerobic,No
Pseudaminobacter,Aerobic,No
Pseudohoeflea,Aerobic,No
Aquamicrobium,Aerobic,No
Euryhalocaulis,Aerobic,No
Tranquillimonas,Aerobic,No
Tropicimonas,Aerobic,No
Planktomarina,Aerobic,No
Celeribacter,Aerobic,No
Tabrizicola,Aerobic,No
Ketogulonicigenium,Aerobic,No
Gemmobacter,Aerobic,No
Blastochloris,Anaerobic,No
Rhodobacter,Facultative Anaerobic,No
Paracoccus,Aerobic,No
Roseovarius,Aerobic,No
Yangia,Aerobic,No
Sediminimonas,Aerobic,No
Defluviimonas,Aerobic,No
Amaricoccus,Aerobic,No
Pontibaca,Aerobic,No
Shinella,Aerobic,No
Martelella,Aerobic,No
Oceanicella,Aerobic,No
Mycoplana,Aerobic,No
Ensifer,Aerobic,No
Ochrobactrum,Aerobic,No
Paenirhodobacter,Anaerobic,No
Mesorhizobium,Aerobic,No
Fulvimarina,Aerobic,No
Pseudochrobactrum,Aerobic,No
Allorhizobium-Neorhizobium-Pararhizobium-Rhizobium,Aerobic,No
1174-901-12,Unknown,Unknown
Neo-b11,Unknown,Unknown
Psychroglaciecola,Aerobic,No
Microvirga,Aerobic,No
Methylobacterium,Aerobic,No
Camelimonas,Aerobic,No
Pseudochelatococcus,Aerobic,No
Chelatococcus,Aerobic,No
FFCH5858,Unknown,Unknown
Afipia,Aerobic,No
Rhodopseudomonas,Facultative Anaerobic,No
Bradyrhizobium,Aerobic,No
Methylovirgula,Aerobic,No
Methylocystis,Aerobic,No
Roseiarcus,Anaerobic,No
Rhodoblastus,Anaerobic,No
Hansschlegelia,Aerobic,No
Methylopila,Aerobic,No
Labrenzia,Aerobic,No
Uncultured alpha proteobacterium,Variable,Variable
Chelativorans,Aerobic,No
Aureimonas,Aerobic,No